"Class","Prevalence_Group","Slope","Type"
"Mammalia","High Malignant Prevalence",-0.00513865017274055,"Malignant"
"Mammalia","Low Malignant Prevalence",-0.00195466094137152,"Malignant"
"Mammalia","High Benign Prevalence",-0.00181801902389224,"Benign"
"Mammalia","Low Benign Prevalence",-0.00405037976785855,"Benign"
"Actinopterygii","Low Malignant Prevalence",-0.0077020949571371,"Malignant"
"Actinopterygii","High Malignant Prevalence",-0.00210141050716459,"Malignant"
"Actinopterygii","Low Benign Prevalence",-0.00556247895831784,"Benign"
"Actinopterygii","High Benign Prevalence",-0.00210081758875115,"Benign"
"Aves","Low Malignant Prevalence",-0.00238621042961653,"Malignant"
"Aves","High Malignant Prevalence",-0.00223753962296549,"Malignant"
"Aves","Low Benign Prevalence",-0.00215854462883853,"Benign"
"Aves","High Benign Prevalence",-0.00248226977356839,"Benign"
"Reptilia","Low Malignant Prevalence",-0.00259028264338856,"Malignant"
"Reptilia","High Malignant Prevalence",-0.00239565364443552,"Malignant"
"Reptilia","Low Benign Prevalence",-0.00245532948791306,"Benign"
"Reptilia","High Benign Prevalence",-0.00242762949925792,"Benign"
"Amphibia","Low Malignant Prevalence",-0.00496596685013821,"Malignant"
"Amphibia","High Malignant Prevalence",-0.000577933759823208,"Malignant"
"Amphibia","Low Benign Prevalence",-0.000567876258302408,"Benign"
"Amphibia","High Benign Prevalence",-0.00220324630936685,"Benign"
"Elasmobranchii","Low Malignant Prevalence",-0.664819944598338,"Malignant"
"Elasmobranchii","High Malignant Prevalence",-0.418033255462521,"Malignant"
"Elasmobranchii","Low Benign Prevalence",-0.44328547299151,"Benign"
"Elasmobranchii","High Benign Prevalence",-0.407569300894118,"Benign"
"Actinopteri","Low Malignant Prevalence",-0.432613907808174,"Malignant"
"Actinopteri","High Malignant Prevalence",-0.0140511638203251,"Malignant"
"Actinopteri","Low Benign Prevalence",-0.717679639912083,"Benign"
"Actinopteri","High Benign Prevalence",-0.0169086921171638,"Benign"
"Arachnida","Low Malignant Prevalence",-0.00150681976682618,"Malignant"
"Arachnida","Low Benign Prevalence",-0.00150681976682618,"Benign"
"Insecta","Low Malignant Prevalence",-0.131526667721755,"Malignant"
"Insecta","Low Benign Prevalence",-0.131526667721755,"Benign"
"Malacostraca","Low Malignant Prevalence",-0.919968189705032,"Malignant"
"Malacostraca","Low Benign Prevalence",-0.919968189705032,"Benign"
"Chondrichthyes","Low Malignant Prevalence",-0.148148148148148,"Malignant"
"Chondrichthyes","High Malignant Prevalence",-0.00112380278449759,"Malignant"
"Chondrichthyes","Low Benign Prevalence",-0.00134250054944722,"Benign"
"Chondrichthyes","High Benign Prevalence",-0.128859804276935,"Benign"
"Sauropsida","Low Malignant Prevalence",-2.77917049540106,"Malignant"
"Sauropsida","Low Benign Prevalence",-0.720303672788773,"Benign"
"Gastropoda","Low Malignant Prevalence",-0.0899540262486275,"Malignant"
"Gastropoda","Low Benign Prevalence",-0.0899540262486275,"Benign"
"Teleostei","Low Malignant Prevalence",-0.945851528384279,"Malignant"
"Teleostei","High Benign Prevalence",-0.929257641921397,"Benign"
"Sarcopterygii","Low Malignant Prevalence",-0.205761316872428,"Malignant"
"Sarcopterygii","Low Benign Prevalence",-0.205761316872428,"Benign"
"Cyprinodontidae","Low Malignant Prevalence",-0.121875,"Malignant"
"Cyprinodontidae","Low Benign Prevalence",-0.121323529411765,"Benign"
"Ostariophysi","Low Malignant Prevalence",-0.00447154471544715,"Malignant"
"Ostariophysi","Low Benign Prevalence",-0.00447154471544715,"Benign"
