"Species","Class","Prevalence_Group","Slope"
"Ailurus fulgens","Mammalia","High Malignant Prevalence",-0.88925634423951
"Damaliscus pygargus","Mammalia","High Malignant Prevalence",-1.21665913748791
"Diceros bicornis","Mammalia","High Malignant Prevalence",-1.36154150197628
"Didelphis marsupialis","Mammalia","High Malignant Prevalence",-0.861427398923013
"Elephas maximus","Mammalia","High Malignant Prevalence",-1.13715277777778
"Panthera pardus","Mammalia","High Malignant Prevalence",-1.26343007643128
"Panthera tigris","Mammalia","High Malignant Prevalence",-1.23354174402183
"Acinonyx jubatus","Mammalia","High Malignant Prevalence",-0.996886374999877
"Acomys cahirinus","Mammalia","High Malignant Prevalence",-0.782238078874492
"Acrobates pygmaeus","Mammalia","Low Prevalence",-0.262034739454094
"Addax nasomaculatus","Mammalia","High Malignant Prevalence",-1.05194356953583
"Aepyceros melampus","Mammalia","High Malignant Prevalence",-1.42935948212094
"Aepyprymnus rufescens","Mammalia","Low Prevalence",-0.733333333333334
"Alcelaphus buselaphus","Mammalia","High Benign Prevalence",-1.31913613543006
"Alces americanus","Mammalia","High Benign Prevalence",-2.6530612244898
"Allenopithecus nigroviridis","Mammalia","High Benign Prevalence",-1.16415843412427
"Allochrocebus lhoesti","Mammalia","High Malignant Prevalence",-4.01666666666666
"Alouatta caraya","Mammalia","High Malignant Prevalence",-0.998210044715567
"Alouatta seniculus","Mammalia","High Malignant Prevalence",-0.960004574173075
"Ammotragus lervia","Mammalia","High Malignant Prevalence",-0.885645659606202
"Anathana ellioti","Mammalia","High Malignant Prevalence",-0.0126705653021443
"Antidorcas marsupialis","Mammalia","High Benign Prevalence",-1.23910505836576
"Antilocapra americana","Mammalia","High Malignant Prevalence",-0.781055323576699
"Antilope cervicapra","Mammalia","High Malignant Prevalence",-1.0093800486803
"Antrozous pallidus","Mammalia","Low Prevalence",-0.50618258353065
"Aonyx capensis","Mammalia","Low Prevalence",-0.95945945945946
"Aonyx cinerea","Mammalia","Low Prevalence",-0.867062021250309
"Aonyx cinereus","Mammalia","High Malignant Prevalence",-1.39890619821014
"Aotus trivirgatus","Mammalia","High Malignant Prevalence",-0.863597746493399
"Arctictis binturong","Mammalia","High Malignant Prevalence",-1.36912912034917
"Arctocephalus townsendi","Mammalia","Low Prevalence",-6
"Artibeus jamaicensis","Mammalia","Low Prevalence",-0.693754394399807
"Atelerix albiventris","Mammalia","High Malignant Prevalence",-1.58402429604619
"Ateles fusciceps","Mammalia","Low Prevalence",-23
"Ateles geoffroyi","Mammalia","High Malignant Prevalence",-1.00121839095268
"Ateles paniscus","Mammalia","High Malignant Prevalence",-0.93222664672633
"Axis axis","Mammalia","High Malignant Prevalence",-1.01725637271773
"Axis calamianensis","Mammalia","High Benign Prevalence",-1.72
"Axis kuhlii","Mammalia","High Malignant Prevalence",-0.925574814290768
"Babyrousa babyrussa","Mammalia","High Malignant Prevalence",-1.12959641255605
"Bassariscus sumichrasti","Mammalia","High Malignant Prevalence",-1.36300516289834
"Bettongia penicillata","Mammalia","High Benign Prevalence",-0.852197802197803
"Bison bison","Mammalia","High Malignant Prevalence",-1.16425803003677
"Bison bonasus","Mammalia","High Benign Prevalence",-13.1999999999999
"Bos frontalis","Mammalia","High Benign Prevalence",-1.62909995336546
"Bos javanicus","Mammalia","High Benign Prevalence",-0.980031446540881
"Bos taurus","Mammalia","Low Prevalence",-0.908952530062844
"Brachylagus idahoensis","Mammalia","High Benign Prevalence",-0.677145668573928
"Bradypus tridactylus","Mammalia","High Benign Prevalence",-5.44501747148397
"Bubalus bubalis","Mammalia","High Malignant Prevalence",-1.38723849372385
"Bubalus depressicornis","Mammalia","High Benign Prevalence",-1.53734573169456
"Bubalus mindorensis","Mammalia","Low Prevalence",-3.2421052631579
"Budorcas taxicolor","Mammalia","Low Prevalence",-1.29626168224299
"Callicebus oenanthe","Mammalia","Low Prevalence",-0.00252959368668018
"Callimico goeldii","Mammalia","High Benign Prevalence",-1.17430317946113
"Callithrix geoffroyi","Mammalia","Low Prevalence",-1.18995433789954
"Callithrix jacchus","Mammalia","High Malignant Prevalence",-0.796467990890588
"Callithrix kuhlii","Mammalia","Low Prevalence",-2.91525423728814
"Callithrix penicillata","Mammalia","High Benign Prevalence",-1.75540958268933
"Callorhinus ursinus","Mammalia","High Malignant Prevalence",-2.43501529051988
"Callosciurus prevostii","Mammalia","High Malignant Prevalence",-1.14111714143143
"Camelus bactrianus","Mammalia","High Malignant Prevalence",-1.52095958314691
"Camelus dromedarius","Mammalia","High Malignant Prevalence",-1.23852341063665
"Canis latrans","Mammalia","High Malignant Prevalence",-0.944571691634836
"Canis lupus","Mammalia","High Malignant Prevalence",-1.0912093205975
"Canis lupus familiaris","Mammalia","Low Prevalence",-0.005249343832021
"Capra falconeri","Mammalia","High Benign Prevalence",-0.712156541982572
"Capra hircus","Mammalia","High Malignant Prevalence",-1.3150565480745
"Capra nubiana","Mammalia","High Benign Prevalence",-0.962873436809106
"Capricornis crispus","Mammalia","High Malignant Prevalence",-1.26545454545454
"Capromys pilorides","Mammalia","High Malignant Prevalence",-2.3
"Caracal caracal","Mammalia","High Benign Prevalence",-1.22918986636971
"Carollia perspicillata","Mammalia","Low Prevalence",-0.253470298606939
"Castor canadensis","Mammalia","Low Prevalence",-0.82477799912409
"Catagonus wagneri","Mammalia","High Malignant Prevalence",-0.424475484929028
"Cavia fulgida","Mammalia","High Malignant Prevalence",-0.0090129236546629
"Cavia porcellus","Mammalia","High Malignant Prevalence",-0.83736018152491
"Cebuella pygmaea","Mammalia","High Benign Prevalence",-1.08048832919914
"Cebus apella","Mammalia","High Malignant Prevalence",-1.11808218970604
"Cephalophus jentinki","Mammalia","Low Prevalence",-0.954545454545454
"Cephalophus monticola","Mammalia","Low Prevalence",-0.735948106803439
"Cephalophus niger","Mammalia","Low Prevalence",-0.705616724129494
"Cephalophus rufilatus","Mammalia","High Benign Prevalence",-1.03359387984896
"Cephalophus silvicultor","Mammalia","High Malignant Prevalence",-0.773323142882249
"Ceratotherium simum","Mammalia","High Malignant Prevalence",-0.595050378983897
"Cercocebus torquatus","Mammalia","Low Prevalence",-4.45161290322581
"Cercopithecus ascanius","Mammalia","High Malignant Prevalence",-1.09473684210526
"Cercopithecus diana","Mammalia","High Malignant Prevalence",-1.05103111423039
"Cercopithecus hamlyni","Mammalia","High Malignant Prevalence",-1.17573385272682
"Cercopithecus mona","Mammalia","High Benign Prevalence",-1.10599078341014
"Cercopithecus neglectus","Mammalia","High Benign Prevalence",-1.43899025243689
"Cercopithecus petaurista","Mammalia","High Malignant Prevalence",-1.32451923076923
"Cervus elaphus","Mammalia","Low Prevalence",-5.04
"Cervus nippon","Mammalia","High Malignant Prevalence",-1.29391751315628
"Chaetophractus vellerosus","Mammalia","Low Prevalence",-1.73009708737864
"Cheirogaleus medius","Mammalia","High Malignant Prevalence",-4.56516129032258
"Chinchilla brevicaudata","Mammalia","Low Prevalence",-1.06074525644578
"Chinchilla chinchilla","Mammalia","High Malignant Prevalence",-2.39377003088467
"Chinchilla lanigera","Mammalia","High Malignant Prevalence",-0.914893617021277
"Chironectes minimus","Mammalia","High Benign Prevalence",-1.03333333333333
"Chlorocebus pygerythrus","Mammalia","Low Prevalence",-1.64285714285714
"Choloepus didactylus","Mammalia","High Malignant Prevalence",-0.810225606103978
"Choloepus hoffmanni","Mammalia","High Malignant Prevalence",-0.990013737715312
"Chrotopterus auritus","Mammalia","Low Prevalence",-0.00407468604508137
"Chrysocyon brachyurus","Mammalia","High Malignant Prevalence",-1.18719870298813
"Coendou rothschildi","Mammalia","High Malignant Prevalence",-0.672384980218594
"Colobus angolensis","Mammalia","Low Prevalence",-1.35769230769231
"Colobus guereza","Mammalia","High Malignant Prevalence",-1.14997789301714
"Conepatus semistriatus","Mammalia","High Malignant Prevalence",-0.00556017034790299
"Connochaetes taurinus","Mammalia","Low Prevalence",-0.813202263790343
"Crateromys heaneyi","Mammalia","High Malignant Prevalence",-0.443016923498649
"Cricetomys gambianus","Mammalia","Low Prevalence",-2.1
"Cricetulus longicaudatus","Mammalia","High Malignant Prevalence",-0.56559013833831
"Crocuta crocuta","Mammalia","High Malignant Prevalence",-17.6142857142859
"Crossarchus obscurus","Mammalia","High Malignant Prevalence",-3.325
"Cryptoprocta ferox","Mammalia","High Malignant Prevalence",-0.945453324378778
"Cuniculus paca","Mammalia","Low Prevalence",-3.20965250965251
"Cynomys ludovicianus","Mammalia","High Malignant Prevalence",-0.917012007035565
"Dactylopsila trivirgata","Mammalia","High Malignant Prevalence",-0.667419991189933
"Dama dama","Mammalia","High Malignant Prevalence",-1.44320601350541
"Damaliscus korrigum","Mammalia","Low Prevalence",-1.13129496402878
"Dasyprocta punctata","Mammalia","High Malignant Prevalence",-0.734572573218798
"Dasypus novemcinctus","Mammalia","High Malignant Prevalence",-1.13191148192642
"Dasyuroides byrnei","Mammalia","High Malignant Prevalence",-0.738987752500438
"Dasyurus maculatus","Mammalia","High Malignant Prevalence",-3.4
"Delphinus delphis","Mammalia","High Benign Prevalence",-0.54054054054054
"Dendrolagus goodfellowi","Mammalia","High Benign Prevalence",-1.0423470084026
"Dendrolagus inustus","Mammalia","Low Prevalence",-0.711035117716691
"Desmodus rotundus","Mammalia","Low Prevalence",-1.17926262053318
"Dipodomys deserti","Mammalia","High Benign Prevalence",-0.751548672566372
"Dolichotis patagonum","Mammalia","Low Prevalence",-1.17209302325581
"Echinops telfairi","Mammalia","High Malignant Prevalence",-0.925954218326339
"Eidolon helvum","Mammalia","Low Prevalence",-1.05355944536524
"Eira barbara","Mammalia","Low Prevalence",-7.43333333333333
"Elaphodus cephalophus","Mammalia","Low Prevalence",-1.21492957746479
"Elaphurus davidianus","Mammalia","High Benign Prevalence",-0.894516728624535
"Elephantulus brachyrhynchus","Mammalia","High Benign Prevalence",-0.668303571375
"Enhydra lutris","Mammalia","High Malignant Prevalence",-0.769519717713822
"Eptesicus fuscus","Mammalia","Low Prevalence",-0.236269430051813
"Equus grevyi","Mammalia","High Malignant Prevalence",-1.03362593104286
"Equus hemionus","Mammalia","High Benign Prevalence",-15.7999999999999
"Equus quagga","Mammalia","Low Prevalence",-1.11266473531889
"Equus zebra","Mammalia","High Malignant Prevalence",-2.59727891156463
"Erethizon dorsatum","Mammalia","High Malignant Prevalence",-0.822538503014557
"Erythrocebus patas","Mammalia","High Malignant Prevalence",-1.12389045567898
"Eudorcas thomsonii","Mammalia","High Malignant Prevalence",-1.00382483956259
"Eulemur collaris","Mammalia","Low Prevalence",-2.99720670391061
"Eulemur fulvus","Mammalia","High Benign Prevalence",-3.24524361948956
"Eulemur rubriventer","Mammalia","High Benign Prevalence",-1.53808830664726
"Eumetopias jubatus","Mammalia","High Malignant Prevalence",-0.492295133670989
"Felis catus","Mammalia","High Malignant Prevalence",-1.53934764550433
"Felis nigripes","Mammalia","High Malignant Prevalence",-1.33135435992579
"Felis silvestris","Mammalia","High Malignant Prevalence",-1.41021548284118
"Galago moholi","Mammalia","Low Prevalence",-0.833971291866029
"Galago senegalensis","Mammalia","High Benign Prevalence",-1.06875
"Gazella dorcas","Mammalia","High Malignant Prevalence",-1.29
"Gazella spekei","Mammalia","Low Prevalence",-0.828506975172569
"Gazella subgutturosa","Mammalia","Low Prevalence",-1.57178571428571
"Giraffa camelopardalis","Mammalia","High Malignant Prevalence",-1.19287399502216
"Glaucomys volans","Mammalia","High Malignant Prevalence",-2.16737739872068
"Glossophaga soricina","Mammalia","High Malignant Prevalence",-0.704516645540063
"Gorilla gorilla","Mammalia","High Malignant Prevalence",-1.2361623489683
"Gulo gulo","Mammalia","High Malignant Prevalence",-0.873701298701299
"Halichoerus grypus","Mammalia","High Malignant Prevalence",-0.892277594728171
"Hapalemur alaotrensis","Mammalia","High Benign Prevalence",-0.985825499910628
"Hapalemur griseus","Mammalia","Low Prevalence",-1.29444444444444
"Helarctos malayanus","Mammalia","High Malignant Prevalence",-1.86785096473719
"Helogale hirtula","Mammalia","High Benign Prevalence",-0.64749772016847
"Hemigalus derbyanus","Mammalia","Low Prevalence",-7.99999999999999
"Hemitragus jemlahicus","Mammalia","High Malignant Prevalence",-2.18
"Heterocephalus glaber","Mammalia","Low Prevalence",-0.521211326056515
"Heterohyrax brucei","Mammalia","Low Prevalence",-2.33333333333333
"Hexaprotodon liberiensis","Mammalia","High Benign Prevalence",-0.774955498208566
"Hippotragus equinus","Mammalia","Low Prevalence",-1.44990776477636
"Hippotragus niger","Mammalia","High Malignant Prevalence",-0.938613908887816
"Hyaena hyaena","Mammalia","Low Prevalence",-2.08333333333333
"Hydrochoerus hydrochaeris","Mammalia","High Malignant Prevalence",-1.08773847077235
"Hylobates agilis","Mammalia","Low Prevalence",-1.52564102564103
"Hylobates concolor","Mammalia","High Benign Prevalence",-0.00130197977054328
"Hylobates lar","Mammalia","High Malignant Prevalence",-0.931537575109062
"Hylobates pileatus","Mammalia","Low Prevalence",-3.04761904761905
"Hypogeomys antimena","Mammalia","High Malignant Prevalence",-0.583669517464033
"Hystrix africaeaustralis","Mammalia","High Malignant Prevalence",-0.887866415744314
"Hystrix cristata","Mammalia","High Malignant Prevalence",-1.38055555555556
"Hystrix indica","Mammalia","Low Prevalence",-1.93571428571429
"Kerodon rupestris","Mammalia","High Malignant Prevalence",-0.976494023904382
"Kobus ellipsiprymnus","Mammalia","High Malignant Prevalence",-1.05737010487021
"Kobus leche","Mammalia","Low Prevalence",-0.902365685284728
"Kobus megaceros","Mammalia","High Malignant Prevalence",-1.3218136550788
"Lagothrix cana","Mammalia","High Benign Prevalence",-1.33586337760911
"Lagothrix lagotricha","Mammalia","Low Prevalence",-0.838165524512388
"Lama glama","Mammalia","High Malignant Prevalence",-1.0608222576053
"Lama pacos","Mammalia","High Malignant Prevalence",-0.00426158375949171
"Lemur catta","Mammalia","High Malignant Prevalence",-1.15896785044386
"Leontopithecus chrysomelas","Mammalia","High Malignant Prevalence",-0.968663982666154
"Leontopithecus rosalia","Mammalia","High Benign Prevalence",-0.679233724783325
"Leopardus geoffroyi","Mammalia","High Benign Prevalence",-1.23214285714286
"Leopardus pardalis","Mammalia","High Malignant Prevalence",-1.783614025098
"Leptailurus serval","Mammalia","High Malignant Prevalence",-1.08696157431025
"Leptonycteris nivalis","Mammalia","Low Prevalence",-0.8
"Litocranius walleri","Mammalia","High Benign Prevalence",-1.2177654678344
"Lontra canadensis","Mammalia","High Malignant Prevalence",-1.18514220975348
"Lophocebus aterrimus","Mammalia","High Malignant Prevalence",-1.19111111111111
"Loris tardigradus","Mammalia","High Malignant Prevalence",-1.53762990597282
"Loxodonta africana","Mammalia","Low Prevalence",-1.12357693967843
"Lycaon pictus","Mammalia","High Malignant Prevalence",-1.15416865002999
"Lynx canadensis","Mammalia","High Malignant Prevalence",-1.29010246986229
"Lynx rufus","Mammalia","High Malignant Prevalence",-1.18960352870239
"Macaca fuscata","Mammalia","High Malignant Prevalence",-1.646904315197
"Macaca mulatta","Mammalia","Low Prevalence",-1.27008219984734
"Macaca nigra","Mammalia","High Benign Prevalence",-1.0182013982569
"Macaca radiata","Mammalia","High Benign Prevalence",-2.14285714285714
"Macaca silenus","Mammalia","High Malignant Prevalence",-1.15733393266815
"Macropus agilis","Mammalia","Low Prevalence",-4.25937559129612
"Macropus dorsalis","Mammalia","Low Prevalence",-1.34615384615385
"Macropus eugenii","Mammalia","High Malignant Prevalence",-0.863183404574109
"Macropus fuliginosus","Mammalia","High Malignant Prevalence",-1.50685001103008
"Macropus giganteus","Mammalia","Low Prevalence",-0.972818620575563
"Notamacropus parma","Mammalia","Low Prevalence",-1.70316285055674
"Osphranter robustus","Mammalia","High Malignant Prevalence",-1.09312930947407
"Notamacropus rufogriseus","Mammalia","Low Prevalence",-0.756791611337237
"Osphranter rufus","Mammalia","Low Prevalence",-1.30887965737321
"Macroscelides proboscideus","Mammalia","High Malignant Prevalence",-1.36124036114222
"Macrotus californicus","Mammalia","High Benign Prevalence",-0.478714965626653
"Madoqua guentheri","Mammalia","High Malignant Prevalence",-0.906461057973844
"Madoqua kirkii","Mammalia","Low Prevalence",-0.938049870618678
"Mandrillus sphinx","Mammalia","High Malignant Prevalence",-1.22540662854755
"Marmota monax","Mammalia","High Malignant Prevalence",-1.36211340206186
"Mazama americana","Mammalia","High Malignant Prevalence",-0.844821428571428
"Melursus ursinus","Mammalia","High Malignant Prevalence",-1.62682180082199
"Meriones unguiculatus","Mammalia","High Malignant Prevalence",-3.11959293324834
"Mesocricetus auratus","Mammalia","High Malignant Prevalence",-0.4
"Microcebus murinus","Mammalia","High Malignant Prevalence",-4.55000000000001
"Miopithecus talapoin","Mammalia","High Benign Prevalence",-0.705627962085308
"Mirounga angustirostris","Mammalia","Low Prevalence",-2.64786780383795
"Mirza coquereli","Mammalia","High Benign Prevalence",-5.8
"Monodelphis domestica","Mammalia","High Malignant Prevalence",-2.2065306122449
"Mungos mungo","Mammalia","High Benign Prevalence",-1.19505494505495
"Muntiacus muntjak","Mammalia","High Malignant Prevalence",-0.802587104530943
"Muntiacus reevesi","Mammalia","Low Prevalence",-1.29792126630232
"Mus musculus","Mammalia","High Malignant Prevalence",-0.60586704440775
"Mustela nigripes","Mammalia","High Malignant Prevalence",-1.05303161725083
"Mustela putorius","Mammalia","High Malignant Prevalence",-1.10065341485323
"Myocastor coypus","Mammalia","High Malignant Prevalence",-1.19619150830205
"Myrmecophaga tridactyla","Mammalia","Low Prevalence",-1.01019938805512
"Naemorhedus griseus","Mammalia","High Benign Prevalence",-1.44416666666667
"Nanger dama","Mammalia","High Benign Prevalence",-1.08402417975874
"Nanger granti","Mammalia","High Malignant Prevalence",-1.27585641455517
"Nasua narica","Mammalia","High Malignant Prevalence",-2.06195751510153
"Nasua nasua","Mammalia","High Malignant Prevalence",-0.851250801998101
"Neofelis nebulosa","Mammalia","High Malignant Prevalence",-1.04648558484019
"Neotragus moschatus","Mammalia","High Malignant Prevalence",-0.670164917541229
"Nycticebus pygmaeus","Mammalia","High Malignant Prevalence",-0.969236779381099
"Octodon degus","Mammalia","High Malignant Prevalence",-1.83786626358294
"Odobenus rosmarus","Mammalia","High Malignant Prevalence",-1.0688042752171
"Odocoileus hemionus","Mammalia","High Benign Prevalence",-0.907658959537572
"Odocoileus virginianus","Mammalia","High Benign Prevalence",-0.994421935587327
"Okapia johnstoni","Mammalia","Low Prevalence",-1.2130684218813
"Oreamnos americanus","Mammalia","High Malignant Prevalence",-0.856293417452881
"Oreotragus oreotragus","Mammalia","High Malignant Prevalence",-1.13104967948718
"Orycteropus afer","Mammalia","High Benign Prevalence",-0.565673584219559
"Oryctolagus cuniculus","Mammalia","High Malignant Prevalence",-1.38942135910759
"Oryx dammah","Mammalia","High Malignant Prevalence",-0.944302038860335
"Oryx leucoryx","Mammalia","Low Prevalence",-0.922792136804214
"Otocolobus manul","Mammalia","High Malignant Prevalence",-0.0046211228733302
"Otocyon megalotis","Mammalia","High Malignant Prevalence",-0.99607902323633
"Otolemur crassicaudatus","Mammalia","High Benign Prevalence",-3.59936575052854
"Otolemur garnettii","Mammalia","High Malignant Prevalence",-0.796576695194206
"Ovibos moschatus","Mammalia","High Benign Prevalence",-1.26339947712346
"Ovis aries","Mammalia","High Malignant Prevalence",-1.2685286927195
"Ovis canadensis","Mammalia","Low Prevalence",-1.02140606196749
"Ovis dalli","Mammalia","High Malignant Prevalence",-1.55226369116327
"Pan paniscus","Mammalia","High Benign Prevalence",-9.16666666666663
"Pan troglodytes","Mammalia","High Malignant Prevalence",-1.16002456249155
"Panthera leo","Mammalia","High Malignant Prevalence",-1.09021682123772
"Panthera onca","Mammalia","High Malignant Prevalence",-1.20170988304633
"Papio anubis","Mammalia","High Malignant Prevalence",-0.692649783817171
"Papio hamadryas","Mammalia","High Malignant Prevalence",-1.56124497991968
"Papio papio","Mammalia","High Malignant Prevalence",-0.952625769866691
"Pecari tajacu","Mammalia","High Malignant Prevalence",-0.985095970615041
"Pedetes capensis","Mammalia","High Malignant Prevalence",-1.26946107784431
"Peromyscus eremicus","Mammalia","High Malignant Prevalence",-1.7323155216285
"Peromyscus leucopus","Mammalia","High Malignant Prevalence",-0.877560239610152
"Petaurus breviceps","Mammalia","High Malignant Prevalence",-1.42898602137194
"Petrogale xanthopus","Mammalia","Low Prevalence",-1.26280276816609
"Phacochoerus africanus","Mammalia","High Malignant Prevalence",-1.02791808581348
"Phascolarctos cinereus","Mammalia","High Malignant Prevalence",-1.09306342015855
"Phoca vitulina","Mammalia","High Malignant Prevalence",-0.80865797310674
"Phocoena phocoena","Mammalia","Low Prevalence",-0.716017350471567
"Phyllostomus discolor","Mammalia","Low Prevalence",-0.00425797560645234
"Pithecia pithecia","Mammalia","Low Prevalence",-0.961406615224729
"Pongo abelii","Mammalia","High Benign Prevalence",-1.17587641335083
"Potamochoerus porcus","Mammalia","High Malignant Prevalence",-0.875670356703567
"Potorous tridactylus","Mammalia","Low Prevalence",-0.257396449704142
"Potos flavus","Mammalia","High Benign Prevalence",-0.869452590813039
"Prionailurus viverrinus","Mammalia","High Malignant Prevalence",-0.801328602260672
"Procavia capensis","Mammalia","High Malignant Prevalence",-0.935839118186957
"Procyon lotor","Mammalia","High Malignant Prevalence",-0.694854843068843
"Propithecus verreauxi","Mammalia","Low Prevalence",-1.70759254384915
"Proteles cristata","Mammalia","High Benign Prevalence",-3.81756756756756
"Pteronura brasiliensis","Mammalia","High Malignant Prevalence",-0.965147311981228
"Pteropus giganteus","Mammalia","Low Prevalence",-1.63019255126417
"Pteropus hypomelanus","Mammalia","High Malignant Prevalence",-0.762564766839378
"Pteropus poliocephalus","Mammalia","Low Prevalence",-0.841783439490446
"Pteropus rodricensis","Mammalia","Low Prevalence",-1.0005824252371
"Pudu puda","Mammalia","Low Prevalence",-1.3725
"Puma concolor","Mammalia","High Malignant Prevalence",-0.92599617095302
"Puma yagouaroundi","Mammalia","Low Prevalence",-9.29999999999999
"Pusa hispida","Mammalia","Low Prevalence",-2.25033871883363
"Rangifer tarandus","Mammalia","High Benign Prevalence",-1.39468702342076
"Raphicerus campestris","Mammalia","Low Prevalence",-1.55
"Rattus norvegicus","Mammalia","High Malignant Prevalence",-0.731835636414617
"Rhinoceros unicornis","Mammalia","High Malignant Prevalence",-0.763782253655487
"Rhinolophus ruwenzorii","Mammalia","High Malignant Prevalence",-0.0312499999999999
"Rhynchocyon petersi","Mammalia","Low Prevalence",-1.684375000125
"Rousettus aegyptiacus","Mammalia","High Malignant Prevalence",-0.843111949403086
"Rousettus lanosus","Mammalia","High Benign Prevalence",-1.71727616645649
"Saguinus bicolor","Mammalia","Low Prevalence",-2.76211453744494
"Saguinus geoffroyi","Mammalia","High Malignant Prevalence",-6.83333333333332
"Saguinus imperator","Mammalia","High Malignant Prevalence",-1.19280630417267
"Saguinus midas","Mammalia","High Malignant Prevalence",-1.0694874060981
"Saguinus oedipus","Mammalia","High Malignant Prevalence",-1.19563350675456
"Saimiri boliviensis","Mammalia","Low Prevalence",-0.789451097786555
"Saimiri sciureus","Mammalia","High Benign Prevalence",-0.951913676336652
"Sciurus carolinensis","Mammalia","Low Prevalence",-0.625208594251025
"Sciurus vulgaris","Mammalia","Low Prevalence",-0.853175825513515
"Semnopithecus entellus","Mammalia","High Benign Prevalence",-1.03170536427963
"Semnopithecus hypoleucos","Mammalia","High Malignant Prevalence",-1.30111111111111
"Setifer setosus","Mammalia","High Malignant Prevalence",-1.27243902439024
"Sotalia fluviatilis","Mammalia","Low Prevalence",-0.513336074499474
"Speothos venaticus","Mammalia","High Malignant Prevalence",-1.11183794466403
"Spilogale pygmaea","Mammalia","High Benign Prevalence",-0.00897435897435897
"Suricata suricatta","Mammalia","High Malignant Prevalence",-1.30647411909751
"Sus scrofa","Mammalia","High Malignant Prevalence",-1.56459543520897
"Sylvilagus aquaticus","Mammalia","Low Prevalence",-2.5
"Sylvilagus audubonii","Mammalia","High Malignant Prevalence",-0.739331876365907
"Sylvilagus floridanus","Mammalia","Low Prevalence",-0.27950771635085
"Sylvilagus transitionalis","Mammalia","High Benign Prevalence",-1.82703740776076
"Symphalangus syndactylus","Mammalia","High Malignant Prevalence",-1.03249637482942
"Syncerus caffer","Mammalia","Low Prevalence",-1.025
"Tadarida brasiliensis","Mammalia","Low Prevalence",-1.18032786885246
"Tamiasciurus hudsonicus","Mammalia","Low Prevalence",-2.77916849015317
"Tapirus bairdii","Mammalia","High Malignant Prevalence",-0.693667262969589
"Tapirus indicus","Mammalia","High Malignant Prevalence",-1.35450501509768
"Tapirus terrestris","Mammalia","High Malignant Prevalence",-0.620398278268144
"Taurotragus derbianus","Mammalia","Low Prevalence",-1.21612709798327
"Taurotragus oryx","Mammalia","High Benign Prevalence",-1.13591933478142
"Tenrec ecaudatus","Mammalia","High Malignant Prevalence",-0.621808321026633
"Theropithecus gelada","Mammalia","Low Prevalence",-0.866414946305104
"Tlacuatzin canescens","Mammalia","High Malignant Prevalence",-0.0058180227471566
"Tolypeutes matacus","Mammalia","High Malignant Prevalence",-1.45609560655918
"Tolypeutes tricinctus","Mammalia","High Malignant Prevalence",-0.548931197725485
"Trachypithecus delacouri","Mammalia","High Malignant Prevalence",-0.903649521724326
"Trachypithecus francoisi","Mammalia","High Malignant Prevalence",-0.976398514645645
"Trachypithecus obscurus","Mammalia","Low Prevalence",-1.22343245359345
"Tragelaphus angasii","Mammalia","High Malignant Prevalence",-1.04168600298243
"Tragelaphus eurycerus","Mammalia","High Malignant Prevalence",-1.08211890813387
"Tragelaphus imberbis","Mammalia","Low Prevalence",-1.38512518409426
"Tragelaphus scriptus","Mammalia","Low Prevalence",-3.825
"Tragelaphus spekii","Mammalia","High Benign Prevalence",-2.49953917050691
"Tragelaphus strepsiceros","Mammalia","High Benign Prevalence",-1.27265782213617
"Tragulus javanicus","Mammalia","High Malignant Prevalence",-0.902439024390244
"Tragulus napu","Mammalia","High Malignant Prevalence",-0.911222936598271
"Tremarctos ornatus","Mammalia","High Malignant Prevalence",-2.29891067879724
"Tupaia belangeri","Mammalia","High Malignant Prevalence",-1.30531567594444
"Tupaia minor","Mammalia","Low Prevalence",-2.03333333333333
"Tupaia tana","Mammalia","Low Prevalence",-1.50080862533693
"Tursiops truncatus","Mammalia","High Malignant Prevalence",-0.89480261852807
"Panthera uncia","Mammalia","High Malignant Prevalence",-1.03387396515394
"Urocitellus richardsonii","Mammalia","High Malignant Prevalence",-0.0277777777777778
"Urocyon cinereoargenteus","Mammalia","High Malignant Prevalence",-0.756087992999185
"Urocyon littoralis","Mammalia","High Malignant Prevalence",-0.642857142857143
"Ursus americanus","Mammalia","High Malignant Prevalence",-1.16653587932688
"Ursus arctos","Mammalia","High Malignant Prevalence",-1.3827746365105
"Ursus maritimus","Mammalia","High Malignant Prevalence",-1.3358028893053
"Ursus thibetanus","Mammalia","High Malignant Prevalence",-0.951085348927465
"Varecia rubra","Mammalia","High Malignant Prevalence",-1.38631510961762
"Varecia variegata","Mammalia","High Malignant Prevalence",-1.15074662081178
"Vicugna pacos","Mammalia","High Malignant Prevalence",-1.71947303621833
"Vulpes lagopus","Mammalia","High Malignant Prevalence",-1.25803890306644
"Vulpes macrotis","Mammalia","High Malignant Prevalence",-2.53928571428572
"Vulpes velox","Mammalia","High Malignant Prevalence",-1.04722469146011
"Vulpes vulpes","Mammalia","High Malignant Prevalence",-0.95103423672852
"Vulpes zerda","Mammalia","High Malignant Prevalence",-1.03614021131293
"Wallabia bicolor","Mammalia","High Benign Prevalence",-0.9882363755371
"Zalophus californianus","Mammalia","High Malignant Prevalence",-1.10942687934314
"Cynictis penicillata","Mammalia","Low Prevalence",-0.427013417031697
"Semnopithecus priam","Mammalia","High Malignant Prevalence",-0.64083620642478
"Helogale parvula","Mammalia","Low Prevalence",-24
"Tamiops swinhoei","Mammalia","Low Prevalence",-0.0755102040816327
"Hydromys chrysogaster","Mammalia","Low Prevalence",-2.92
"Sus barbatus","Mammalia","High Malignant Prevalence",-0.572993855143055
"Mephitis mephitis","Mammalia","High Malignant Prevalence",-0.504262651913658
