"Species","Interval_Start","Interval_End","l_x","d_x","q_x"
"Acinonyx jubatus",0,21,33,3,0.0909090909090909
"Acinonyx jubatus",21,42,30,0,0
"Acinonyx jubatus",42,63,30,4,0.133333333333333
"Acinonyx jubatus",63,84,26,1,0.0384615384615385
"Acinonyx jubatus",84,105,25,1,0.04
"Acinonyx jubatus",105,126,24,1,0.0416666666666667
"Acinonyx jubatus",126,147,23,5,0.217391304347826
"Acinonyx jubatus",147,168,18,6,0.333333333333333
"Acinonyx jubatus",168,189,12,2,0.166666666666667
"Acinonyx jubatus",189,210,10,10,1
"Addax nasomaculatus",0,27.6,24,2,0.0833333333333333
"Addax nasomaculatus",27.6,55.2,22,2,0.0909090909090909
"Addax nasomaculatus",55.2,82.8,20,0,0
"Addax nasomaculatus",82.8,110.4,20,2,0.1
"Addax nasomaculatus",110.4,138,18,2,0.111111111111111
"Addax nasomaculatus",138,165.6,16,3,0.1875
"Addax nasomaculatus",165.6,193.2,13,6,0.461538461538462
"Addax nasomaculatus",193.2,220.8,7,2,0.285714285714286
"Addax nasomaculatus",220.8,248.4,5,0,0
"Addax nasomaculatus",248.4,276,5,5,1
"Ailurus fulgens",0,24,30,5,0.166666666666667
"Ailurus fulgens",24,48,25,2,0.08
"Ailurus fulgens",48,72,23,2,0.0869565217391304
"Ailurus fulgens",72,96,21,2,0.0952380952380952
"Ailurus fulgens",96,120,19,4,0.210526315789474
"Ailurus fulgens",120,144,15,2,0.133333333333333
"Ailurus fulgens",144,168,13,2,0.153846153846154
"Ailurus fulgens",168,192,11,5,0.454545454545455
"Ailurus fulgens",192,216,6,4,0.666666666666667
"Ailurus fulgens",216,240,2,2,1
"Artibeus jamaicensis",0,28.8,35,1,0.0285714285714286
"Artibeus jamaicensis",28.8,57.6,34,3,0.0882352941176471
"Artibeus jamaicensis",57.6,86.4,31,8,0.258064516129032
"Artibeus jamaicensis",86.4,115.2,23,4,0.173913043478261
"Artibeus jamaicensis",115.2,144,19,5,0.263157894736842
"Artibeus jamaicensis",144,172.8,14,4,0.285714285714286
"Artibeus jamaicensis",172.8,201.6,10,7,0.7
"Artibeus jamaicensis",201.6,230.4,3,1,0.333333333333333
"Artibeus jamaicensis",230.4,259.2,2,0,0
"Artibeus jamaicensis",259.2,288,2,2,1
"Atelerix albiventris",0,8.4,123,2,0.016260162601626
"Atelerix albiventris",8.4,16.8,121,7,0.0578512396694215
"Atelerix albiventris",16.8,25.2,114,20,0.175438596491228
"Atelerix albiventris",25.2,33.6,94,5,0.0531914893617021
"Atelerix albiventris",33.6,42,89,21,0.235955056179775
"Atelerix albiventris",42,50.4,68,24,0.352941176470588
"Atelerix albiventris",50.4,58.8,44,4,0.0909090909090909
"Atelerix albiventris",58.8,67.2,40,27,0.675
"Atelerix albiventris",67.2,75.6,13,9,0.692307692307692
"Atelerix albiventris",75.6,84,4,4,1
"Boa constrictor",0,49.2,32,0,0
"Boa constrictor",49.2,98.4,32,0,0
"Boa constrictor",98.4,147.6,32,8,0.25
"Boa constrictor",147.6,196.8,24,7,0.291666666666667
"Boa constrictor",196.8,246,17,9,0.529411764705882
"Boa constrictor",246,295.2,8,2,0.25
"Boa constrictor",295.2,344.4,6,4,0.666666666666667
"Boa constrictor",344.4,393.6,2,1,0.5
"Boa constrictor",393.6,442.8,1,0,0
"Boa constrictor",442.8,492,1,1,1
"Canis lupus",0,20.4,38,3,0.0789473684210526
"Canis lupus",20.4,40.8,35,0,0
"Canis lupus",40.8,61.2,35,3,0.0857142857142857
"Canis lupus",61.2,81.6,32,3,0.09375
"Canis lupus",81.6,102,29,1,0.0344827586206897
"Canis lupus",102,122.4,28,6,0.214285714285714
"Canis lupus",122.4,142.8,22,1,0.0454545454545455
"Canis lupus",142.8,163.2,21,7,0.333333333333333
"Canis lupus",163.2,183.6,14,8,0.571428571428571
"Canis lupus",183.6,204,6,6,1
"Capra hircus",0,20.4,93,3,0.032258064516129
"Capra hircus",20.4,40.8,90,3,0.0333333333333333
"Capra hircus",40.8,61.2,87,8,0.0919540229885057
"Capra hircus",61.2,81.6,79,6,0.0759493670886076
"Capra hircus",81.6,102,73,15,0.205479452054795
"Capra hircus",102,122.4,58,14,0.241379310344828
"Capra hircus",122.4,142.8,44,11,0.25
"Capra hircus",142.8,163.2,33,19,0.575757575757576
"Capra hircus",163.2,183.6,14,11,0.785714285714286
"Capra hircus",183.6,204,3,3,1
"Cebuella pygmaea",0,18,27,3,0.111111111111111
"Cebuella pygmaea",18,36,24,4,0.166666666666667
"Cebuella pygmaea",36,54,20,4,0.2
"Cebuella pygmaea",54,72,16,3,0.1875
"Cebuella pygmaea",72,90,13,3,0.230769230769231
"Cebuella pygmaea",90,108,10,4,0.4
"Cebuella pygmaea",108,126,6,2,0.333333333333333
"Cebuella pygmaea",126,144,4,0,0
"Cebuella pygmaea",144,162,4,2,0.5
"Cebuella pygmaea",162,180,2,2,1
"Chinchilla brevicaudata",0,25.2,35,2,0.0571428571428571
"Chinchilla brevicaudata",25.2,50.4,33,1,0.0303030303030303
"Chinchilla brevicaudata",50.4,75.6,32,6,0.1875
"Chinchilla brevicaudata",75.6,100.8,26,2,0.0769230769230769
"Chinchilla brevicaudata",100.8,126,24,7,0.291666666666667
"Chinchilla brevicaudata",126,151.2,17,4,0.235294117647059
"Chinchilla brevicaudata",151.2,176.4,13,5,0.384615384615385
"Chinchilla brevicaudata",176.4,201.6,8,3,0.375
"Chinchilla brevicaudata",201.6,226.8,5,2,0.4
"Chinchilla brevicaudata",226.8,252,3,3,1
"Colobus guereza",0,38.4,25,0,0
"Colobus guereza",38.4,76.8,25,1,0.04
"Colobus guereza",76.8,115.2,24,2,0.0833333333333333
"Colobus guereza",115.2,153.6,22,2,0.0909090909090909
"Colobus guereza",153.6,192,20,7,0.35
"Colobus guereza",192,230.4,13,2,0.153846153846154
"Colobus guereza",230.4,268.8,11,6,0.545454545454545
"Colobus guereza",268.8,307.2,5,0,0
"Colobus guereza",307.2,345.6,5,0,0
"Colobus guereza",345.6,384,5,5,1
"Corallus caninus",0,26.4,31,6,0.193548387096774
"Corallus caninus",26.4,52.8,25,1,0.04
"Corallus caninus",52.8,79.2,24,1,0.0416666666666667
"Corallus caninus",79.2,105.6,23,2,0.0869565217391304
"Corallus caninus",105.6,132,21,2,0.0952380952380952
"Corallus caninus",132,158.4,19,5,0.263157894736842
"Corallus caninus",158.4,184.8,14,5,0.357142857142857
"Corallus caninus",184.8,211.2,9,5,0.555555555555556
"Corallus caninus",211.2,237.6,4,0,0
"Corallus caninus",237.6,264,4,4,1
"Crotalus horridus",0,25.2,20,2,0.1
"Crotalus horridus",25.2,50.4,18,1,0.0555555555555556
"Crotalus horridus",50.4,75.6,17,1,0.0588235294117647
"Crotalus horridus",75.6,100.8,16,3,0.1875
"Crotalus horridus",100.8,126,13,1,0.0769230769230769
"Crotalus horridus",126,151.2,12,0,0
"Crotalus horridus",151.2,176.4,12,1,0.0833333333333333
"Crotalus horridus",176.4,201.6,11,1,0.0909090909090909
"Crotalus horridus",201.6,226.8,10,3,0.3
"Crotalus horridus",226.8,252,7,7,1
"Crotalus lepidus",0,26.4,34,1,0.0294117647058824
"Crotalus lepidus",26.4,52.8,33,10,0.303030303030303
"Crotalus lepidus",52.8,79.2,23,2,0.0869565217391304
"Crotalus lepidus",79.2,105.6,21,2,0.0952380952380952
"Crotalus lepidus",105.6,132,19,9,0.473684210526316
"Crotalus lepidus",132,158.4,10,5,0.5
"Crotalus lepidus",158.4,184.8,5,2,0.4
"Crotalus lepidus",184.8,211.2,3,0,0
"Crotalus lepidus",211.2,237.6,3,1,0.333333333333333
"Crotalus lepidus",237.6,264,2,2,1
"Cynomys ludovicianus",0,13.2,37,4,0.108108108108108
"Cynomys ludovicianus",13.2,26.4,33,8,0.242424242424242
"Cynomys ludovicianus",26.4,39.6,25,4,0.16
"Cynomys ludovicianus",39.6,52.8,21,7,0.333333333333333
"Cynomys ludovicianus",52.8,66,14,3,0.214285714285714
"Cynomys ludovicianus",66,79.2,11,6,0.545454545454545
"Cynomys ludovicianus",79.2,92.4,5,2,0.4
"Cynomys ludovicianus",92.4,105.6,3,1,0.333333333333333
"Cynomys ludovicianus",105.6,118.8,2,1,0.5
"Cynomys ludovicianus",118.8,132,1,1,1
"Dasyprocta punctata",0,17.4,21,3,0.142857142857143
"Dasyprocta punctata",17.4,34.8,18,1,0.0555555555555556
"Dasyprocta punctata",34.8,52.2,17,2,0.117647058823529
"Dasyprocta punctata",52.2,69.6,15,1,0.0666666666666667
"Dasyprocta punctata",69.6,87,14,5,0.357142857142857
"Dasyprocta punctata",87,104.4,9,0,0
"Dasyprocta punctata",104.4,121.8,9,1,0.111111111111111
"Dasyprocta punctata",121.8,139.2,8,1,0.125
"Dasyprocta punctata",139.2,156.6,7,4,0.571428571428571
"Dasyprocta punctata",156.6,174,3,3,1
"Dendrocygna autumnalis",0,25.2,86,0,0
"Dendrocygna autumnalis",25.2,50.4,86,6,0.0697674418604651
"Dendrocygna autumnalis",50.4,75.6,80,13,0.1625
"Dendrocygna autumnalis",75.6,100.8,67,10,0.149253731343284
"Dendrocygna autumnalis",100.8,126,57,15,0.263157894736842
"Dendrocygna autumnalis",126,151.2,42,17,0.404761904761905
"Dendrocygna autumnalis",151.2,176.4,25,16,0.64
"Dendrocygna autumnalis",176.4,201.6,9,6,0.666666666666667
"Dendrocygna autumnalis",201.6,226.8,3,2,0.666666666666667
"Dendrocygna autumnalis",226.8,252,1,1,1
"Didelphis marsupialis",0,7.2,59,1,0.0169491525423729
"Didelphis marsupialis",7.2,14.4,58,8,0.137931034482759
"Didelphis marsupialis",14.4,21.6,50,2,0.04
"Didelphis marsupialis",21.6,28.8,48,15,0.3125
"Didelphis marsupialis",28.8,36,33,18,0.545454545454545
"Didelphis marsupialis",36,43.2,15,5,0.333333333333333
"Didelphis marsupialis",43.2,50.4,10,9,0.9
"Didelphis marsupialis",50.4,57.6,1,0,0
"Didelphis marsupialis",57.6,64.8,1,0,0
"Didelphis marsupialis",64.8,72,1,1,1
"Eidolon helvum",0,22.8,27,0,0
"Eidolon helvum",22.8,45.6,27,4,0.148148148148148
"Eidolon helvum",45.6,68.4,23,3,0.130434782608696
"Eidolon helvum",68.4,91.2,20,3,0.15
"Eidolon helvum",91.2,114,17,4,0.235294117647059
"Eidolon helvum",114,136.8,13,2,0.153846153846154
"Eidolon helvum",136.8,159.6,11,3,0.272727272727273
"Eidolon helvum",159.6,182.4,8,1,0.125
"Eidolon helvum",182.4,205.2,7,6,0.857142857142857
"Eidolon helvum",205.2,228,1,1,1
"Eos bornea",0,19.2,40,9,0.225
"Eos bornea",19.2,38.4,31,15,0.483870967741935
"Eos bornea",38.4,57.6,16,2,0.125
"Eos bornea",57.6,76.8,14,5,0.357142857142857
"Eos bornea",76.8,96,9,5,0.555555555555556
"Eos bornea",96,115.2,4,0,0
"Eos bornea",115.2,134.4,4,0,0
"Eos bornea",134.4,153.6,4,2,0.5
"Eos bornea",153.6,172.8,2,0,0
"Eos bornea",172.8,192,2,2,1
"Erpeton tentaculatum",0,21.6,34,7,0.205882352941176
"Erpeton tentaculatum",21.6,43.2,27,2,0.0740740740740741
"Erpeton tentaculatum",43.2,64.8,25,7,0.28
"Erpeton tentaculatum",64.8,86.4,18,7,0.388888888888889
"Erpeton tentaculatum",86.4,108,11,5,0.454545454545455
"Erpeton tentaculatum",108,129.6,6,3,0.5
"Erpeton tentaculatum",129.6,151.2,3,1,0.333333333333333
"Erpeton tentaculatum",151.2,172.8,2,1,0.5
"Erpeton tentaculatum",172.8,194.4,1,0,0
"Erpeton tentaculatum",194.4,216,1,1,1
"Eublepharis macularius",0,25.2,25,0,0
"Eublepharis macularius",25.2,50.4,25,0,0
"Eublepharis macularius",50.4,75.6,25,2,0.08
"Eublepharis macularius",75.6,100.8,23,3,0.130434782608696
"Eublepharis macularius",100.8,126,20,3,0.15
"Eublepharis macularius",126,151.2,17,5,0.294117647058824
"Eublepharis macularius",151.2,176.4,12,4,0.333333333333333
"Eublepharis macularius",176.4,201.6,8,4,0.5
"Eublepharis macularius",201.6,226.8,4,2,0.5
"Eublepharis macularius",226.8,252,2,2,1
"Eudocimus ruber",0,42,58,8,0.137931034482759
"Eudocimus ruber",42,84,50,4,0.08
"Eudocimus ruber",84,126,46,9,0.195652173913043
"Eudocimus ruber",126,168,37,13,0.351351351351351
"Eudocimus ruber",168,210,24,6,0.25
"Eudocimus ruber",210,252,18,9,0.5
"Eudocimus ruber",252,294,9,4,0.444444444444444
"Eudocimus ruber",294,336,5,3,0.6
"Eudocimus ruber",336,378,2,0,0
"Eudocimus ruber",378,420,2,2,1
"Eudorcas thomsonii",0,22.8,21,4,0.19047619047619
"Eudorcas thomsonii",22.8,45.6,17,1,0.0588235294117647
"Eudorcas thomsonii",45.6,68.4,16,2,0.125
"Eudorcas thomsonii",68.4,91.2,14,0,0
"Eudorcas thomsonii",91.2,114,14,0,0
"Eudorcas thomsonii",114,136.8,14,3,0.214285714285714
"Eudorcas thomsonii",136.8,159.6,11,4,0.363636363636364
"Eudorcas thomsonii",159.6,182.4,7,2,0.285714285714286
"Eudorcas thomsonii",182.4,205.2,5,2,0.4
"Eudorcas thomsonii",205.2,228,3,3,1
"Furcifer pardalis",0,8.4,22,0,0
"Furcifer pardalis",8.4,16.8,22,3,0.136363636363636
"Furcifer pardalis",16.8,25.2,19,2,0.105263157894737
"Furcifer pardalis",25.2,33.6,17,2,0.117647058823529
"Furcifer pardalis",33.6,42,15,6,0.4
"Furcifer pardalis",42,50.4,9,4,0.444444444444444
"Furcifer pardalis",50.4,58.8,5,1,0.2
"Furcifer pardalis",58.8,67.2,4,2,0.5
"Furcifer pardalis",67.2,75.6,2,1,0.5
"Furcifer pardalis",75.6,84,1,1,1
"Gallus gallus",0,18,153,17,0.111111111111111
"Gallus gallus",18,36,136,27,0.198529411764706
"Gallus gallus",36,54,109,11,0.100917431192661
"Gallus gallus",54,72,98,41,0.418367346938776
"Gallus gallus",72,90,57,13,0.228070175438596
"Gallus gallus",90,108,44,20,0.454545454545455
"Gallus gallus",108,126,24,12,0.5
"Gallus gallus",126,144,12,8,0.666666666666667
"Gallus gallus",144,162,4,2,0.5
"Gallus gallus",162,180,2,2,1
"Giraffa camelopardalis",0,40.8,26,3,0.115384615384615
"Giraffa camelopardalis",40.8,81.6,23,1,0.0434782608695652
"Giraffa camelopardalis",81.6,122.4,22,2,0.0909090909090909
"Giraffa camelopardalis",122.4,163.2,20,3,0.15
"Giraffa camelopardalis",163.2,204,17,5,0.294117647058824
"Giraffa camelopardalis",204,244.8,12,3,0.25
"Giraffa camelopardalis",244.8,285.6,9,3,0.333333333333333
"Giraffa camelopardalis",285.6,326.4,6,3,0.5
"Giraffa camelopardalis",326.4,367.2,3,2,0.666666666666667
"Giraffa camelopardalis",367.2,408,1,1,1
"Gonocephalus chamaeleontinus",0,18.187,21,0,0
"Gonocephalus chamaeleontinus",18.187,36.374,21,4,0.19047619047619
"Gonocephalus chamaeleontinus",36.374,54.561,17,2,0.117647058823529
"Gonocephalus chamaeleontinus",54.561,72.748,15,2,0.133333333333333
"Gonocephalus chamaeleontinus",72.748,90.935,13,0,0
"Gonocephalus chamaeleontinus",90.935,109.122,13,1,0.0769230769230769
"Gonocephalus chamaeleontinus",109.122,127.309,12,4,0.333333333333333
"Gonocephalus chamaeleontinus",127.309,145.496,8,3,0.375
"Gonocephalus chamaeleontinus",145.496,163.683,5,1,0.2
"Gonocephalus chamaeleontinus",163.683,181.87,4,4,1
"Gopherus agassizii",0,58.8,20,5,0.25
"Gopherus agassizii",58.8,117.6,15,2,0.133333333333333
"Gopherus agassizii",117.6,176.4,13,3,0.230769230769231
"Gopherus agassizii",176.4,235.2,10,1,0.1
"Gopherus agassizii",235.2,294,9,2,0.222222222222222
"Gopherus agassizii",294,352.8,7,2,0.285714285714286
"Gopherus agassizii",352.8,411.6,5,2,0.4
"Gopherus agassizii",411.6,470.4,3,1,0.333333333333333
"Gopherus agassizii",470.4,529.2,2,0,0
"Gopherus agassizii",529.2,588,2,2,1
"Gorilla gorilla",0,66,33,1,0.0303030303030303
"Gorilla gorilla",66,132,32,0,0
"Gorilla gorilla",132,198,32,3,0.09375
"Gorilla gorilla",198,264,29,3,0.103448275862069
"Gorilla gorilla",264,330,26,1,0.0384615384615385
"Gorilla gorilla",330,396,25,3,0.12
"Gorilla gorilla",396,462,22,7,0.318181818181818
"Gorilla gorilla",462,528,15,7,0.466666666666667
"Gorilla gorilla",528,594,8,5,0.625
"Gorilla gorilla",594,660,3,3,1
"Heloderma suspectum",0,44.4,26,3,0.115384615384615
"Heloderma suspectum",44.4,88.8,23,1,0.0434782608695652
"Heloderma suspectum",88.8,133.2,22,3,0.136363636363636
"Heloderma suspectum",133.2,177.6,19,3,0.157894736842105
"Heloderma suspectum",177.6,222,16,4,0.25
"Heloderma suspectum",222,266.4,12,3,0.25
"Heloderma suspectum",266.4,310.8,9,3,0.333333333333333
"Heloderma suspectum",310.8,355.2,6,2,0.333333333333333
"Heloderma suspectum",355.2,399.6,4,0,0
"Heloderma suspectum",399.6,444,4,4,1
"Heterocephalus glaber",0,27.5,23,7,0.304347826086957
"Heterocephalus glaber",27.5,55,16,4,0.25
"Heterocephalus glaber",55,82.5,12,4,0.333333333333333
"Heterocephalus glaber",82.5,110,8,3,0.375
"Heterocephalus glaber",110,137.5,5,0,0
"Heterocephalus glaber",137.5,165,5,0,0
"Heterocephalus glaber",165,192.5,5,2,0.4
"Heterocephalus glaber",192.5,220,3,1,0.333333333333333
"Heterocephalus glaber",220,247.5,2,1,0.5
"Heterocephalus glaber",247.5,275,1,1,1
"Hydrochoerus hydrochaeris",0,15.6,38,5,0.131578947368421
"Hydrochoerus hydrochaeris",15.6,31.2,33,3,0.0909090909090909
"Hydrochoerus hydrochaeris",31.2,46.8,30,3,0.1
"Hydrochoerus hydrochaeris",46.8,62.4,27,5,0.185185185185185
"Hydrochoerus hydrochaeris",62.4,78,22,3,0.136363636363636
"Hydrochoerus hydrochaeris",78,93.6,19,2,0.105263157894737
"Hydrochoerus hydrochaeris",93.6,109.2,17,5,0.294117647058824
"Hydrochoerus hydrochaeris",109.2,124.8,12,1,0.0833333333333333
"Hydrochoerus hydrochaeris",124.8,140.4,11,5,0.454545454545455
"Hydrochoerus hydrochaeris",140.4,156,6,6,1
"Lama glama",0,32.4,27,2,0.0740740740740741
"Lama glama",32.4,64.8,25,0,0
"Lama glama",64.8,97.2,25,1,0.04
"Lama glama",97.2,129.6,24,1,0.0416666666666667
"Lama glama",129.6,162,23,2,0.0869565217391304
"Lama glama",162,194.4,21,2,0.0952380952380952
"Lama glama",194.4,226.8,19,4,0.210526315789474
"Lama glama",226.8,259.2,15,6,0.4
"Lama glama",259.2,291.6,9,4,0.444444444444444
"Lama glama",291.6,324,5,5,1
"Lampropeltis getula",0,26.4,21,0,0
"Lampropeltis getula",26.4,52.8,21,0,0
"Lampropeltis getula",52.8,79.2,21,0,0
"Lampropeltis getula",79.2,105.6,21,0,0
"Lampropeltis getula",105.6,132,21,1,0.0476190476190476
"Lampropeltis getula",132,158.4,20,3,0.15
"Lampropeltis getula",158.4,184.8,17,4,0.235294117647059
"Lampropeltis getula",184.8,211.2,13,7,0.538461538461538
"Lampropeltis getula",211.2,237.6,6,3,0.5
"Lampropeltis getula",237.6,264,3,3,1
"Lampropeltis triangulum",0,30,34,1,0.0294117647058824
"Lampropeltis triangulum",30,60,33,1,0.0303030303030303
"Lampropeltis triangulum",60,90,32,1,0.03125
"Lampropeltis triangulum",90,120,31,6,0.193548387096774
"Lampropeltis triangulum",120,150,25,6,0.24
"Lampropeltis triangulum",150,180,19,8,0.421052631578947
"Lampropeltis triangulum",180,210,11,4,0.363636363636364
"Lampropeltis triangulum",210,240,7,4,0.571428571428571
"Lampropeltis triangulum",240,270,3,2,0.666666666666667
"Lampropeltis triangulum",270,300,1,1,1
"Larosterna inca",0,31.2,27,6,0.222222222222222
"Larosterna inca",31.2,62.4,21,0,0
"Larosterna inca",62.4,93.6,21,4,0.19047619047619
"Larosterna inca",93.6,124.8,17,5,0.294117647058824
"Larosterna inca",124.8,156,12,2,0.166666666666667
"Larosterna inca",156,187.2,10,2,0.2
"Larosterna inca",187.2,218.4,8,3,0.375
"Larosterna inca",218.4,249.6,5,1,0.2
"Larosterna inca",249.6,280.8,4,1,0.25
"Larosterna inca",280.8,312,3,3,1
"Lemur catta",0,44.4,72,4,0.0555555555555556
"Lemur catta",44.4,88.8,68,9,0.132352941176471
"Lemur catta",88.8,133.2,59,8,0.135593220338983
"Lemur catta",133.2,177.6,51,6,0.117647058823529
"Lemur catta",177.6,222,45,11,0.244444444444444
"Lemur catta",222,266.4,34,12,0.352941176470588
"Lemur catta",266.4,310.8,22,9,0.409090909090909
"Lemur catta",310.8,355.2,13,7,0.538461538461538
"Lemur catta",355.2,399.6,6,4,0.666666666666667
"Lemur catta",399.6,444,2,2,1
"Leontopithecus chrysomelas",0,38.4,67,9,0.134328358208955
"Leontopithecus chrysomelas",38.4,76.8,58,4,0.0689655172413793
"Leontopithecus chrysomelas",76.8,115.2,54,13,0.240740740740741
"Leontopithecus chrysomelas",115.2,153.6,41,11,0.268292682926829
"Leontopithecus chrysomelas",153.6,192,30,11,0.366666666666667
"Leontopithecus chrysomelas",192,230.4,19,12,0.631578947368421
"Leontopithecus chrysomelas",230.4,268.8,7,4,0.571428571428571
"Leontopithecus chrysomelas",268.8,307.2,3,2,0.666666666666667
"Leontopithecus chrysomelas",307.2,345.6,1,0,0
"Leontopithecus chrysomelas",345.6,384,1,1,1
"Leucopsar rothschildi",0,25.2,32,1,0.03125
"Leucopsar rothschildi",25.2,50.4,31,2,0.0645161290322581
"Leucopsar rothschildi",50.4,75.6,29,2,0.0689655172413793
"Leucopsar rothschildi",75.6,100.8,27,2,0.0740740740740741
"Leucopsar rothschildi",100.8,126,25,5,0.2
"Leucopsar rothschildi",126,151.2,20,6,0.3
"Leucopsar rothschildi",151.2,176.4,14,4,0.285714285714286
"Leucopsar rothschildi",176.4,201.6,10,0,0
"Leucopsar rothschildi",201.6,226.8,10,5,0.5
"Leucopsar rothschildi",226.8,252,5,5,1
"Litocranius walleri",0,18.6,49,8,0.163265306122449
"Litocranius walleri",18.6,37.2,41,7,0.170731707317073
"Litocranius walleri",37.2,55.8,34,4,0.117647058823529
"Litocranius walleri",55.8,74.4,30,7,0.233333333333333
"Litocranius walleri",74.4,93,23,6,0.260869565217391
"Litocranius walleri",93,111.6,17,8,0.470588235294118
"Litocranius walleri",111.6,130.2,9,3,0.333333333333333
"Litocranius walleri",130.2,148.8,6,3,0.5
"Litocranius walleri",148.8,167.4,3,1,0.333333333333333
"Litocranius walleri",167.4,186,2,2,1
"Lontra canadensis",0,27.6,36,3,0.0833333333333333
"Lontra canadensis",27.6,55.2,33,1,0.0303030303030303
"Lontra canadensis",55.2,82.8,32,3,0.09375
"Lontra canadensis",82.8,110.4,29,4,0.137931034482759
"Lontra canadensis",110.4,138,25,4,0.16
"Lontra canadensis",138,165.6,21,3,0.142857142857143
"Lontra canadensis",165.6,193.2,18,5,0.277777777777778
"Lontra canadensis",193.2,220.8,13,4,0.307692307692308
"Lontra canadensis",220.8,248.4,9,6,0.666666666666667
"Lontra canadensis",248.4,276,3,3,1
"Lycaon pictus",0,16.8,45,2,0.0444444444444444
"Lycaon pictus",16.8,33.6,43,3,0.0697674418604651
"Lycaon pictus",33.6,50.4,40,2,0.05
"Lycaon pictus",50.4,67.2,38,2,0.0526315789473684
"Lycaon pictus",67.2,84,36,3,0.0833333333333333
"Lycaon pictus",84,100.8,33,3,0.0909090909090909
"Lycaon pictus",100.8,117.6,30,4,0.133333333333333
"Lycaon pictus",117.6,134.4,26,14,0.538461538461538
"Lycaon pictus",134.4,151.2,12,7,0.583333333333333
"Lycaon pictus",151.2,168,5,5,1
"Macropus eugenii",0,22.8,27,0,0
"Macropus eugenii",22.8,45.6,27,5,0.185185185185185
"Macropus eugenii",45.6,68.4,22,4,0.181818181818182
"Macropus eugenii",68.4,91.2,18,5,0.277777777777778
"Macropus eugenii",91.2,114,13,4,0.307692307692308
"Macropus eugenii",114,136.8,9,5,0.555555555555556
"Macropus eugenii",136.8,159.6,4,1,0.25
"Macropus eugenii",159.6,182.4,3,2,0.666666666666667
"Macropus eugenii",182.4,205.2,1,0,0
"Macropus eugenii",205.2,228,1,1,1
"Mandrillus sphinx",0,43.2,28,1,0.0357142857142857
"Mandrillus sphinx",43.2,86.4,27,2,0.0740740740740741
"Mandrillus sphinx",86.4,129.6,25,0,0
"Mandrillus sphinx",129.6,172.8,25,2,0.08
"Mandrillus sphinx",172.8,216,23,6,0.260869565217391
"Mandrillus sphinx",216,259.2,17,5,0.294117647058824
"Mandrillus sphinx",259.2,302.4,12,6,0.5
"Mandrillus sphinx",302.4,345.6,6,2,0.333333333333333
"Mandrillus sphinx",345.6,388.8,4,3,0.75
"Mandrillus sphinx",388.8,432,1,1,1
"Megascops asio",0,32.4,22,0,0
"Megascops asio",32.4,64.8,22,2,0.0909090909090909
"Megascops asio",64.8,97.2,20,0,0
"Megascops asio",97.2,129.6,20,5,0.25
"Megascops asio",129.6,162,15,3,0.2
"Megascops asio",162,194.4,12,7,0.583333333333333
"Megascops asio",194.4,226.8,5,0,0
"Megascops asio",226.8,259.2,5,4,0.8
"Megascops asio",259.2,291.6,1,0,0
"Megascops asio",291.6,324,1,1,1
"Meleagris gallopavo",0,30,35,0,0
"Meleagris gallopavo",30,60,35,9,0.257142857142857
"Meleagris gallopavo",60,90,26,6,0.230769230769231
"Meleagris gallopavo",90,120,20,8,0.4
"Meleagris gallopavo",120,150,12,7,0.583333333333333
"Meleagris gallopavo",150,180,5,4,0.8
"Meleagris gallopavo",180,210,1,0,0
"Meleagris gallopavo",210,240,1,0,0
"Meleagris gallopavo",240,270,1,0,0
"Meleagris gallopavo",270,300,1,1,1
"Melopsittacus undulatus",0,13.2,49,0,0
"Melopsittacus undulatus",13.2,26.4,49,4,0.0816326530612245
"Melopsittacus undulatus",26.4,39.6,45,11,0.244444444444444
"Melopsittacus undulatus",39.6,52.8,34,6,0.176470588235294
"Melopsittacus undulatus",52.8,66,28,3,0.107142857142857
"Melopsittacus undulatus",66,79.2,25,8,0.32
"Melopsittacus undulatus",79.2,92.4,17,5,0.294117647058824
"Melopsittacus undulatus",92.4,105.6,12,7,0.583333333333333
"Melopsittacus undulatus",105.6,118.8,5,1,0.2
"Melopsittacus undulatus",118.8,132,4,4,1
"Morelia viridis",0,38.4,32,4,0.125
"Morelia viridis",38.4,76.8,28,4,0.142857142857143
"Morelia viridis",76.8,115.2,24,4,0.166666666666667
"Morelia viridis",115.2,153.6,20,1,0.05
"Morelia viridis",153.6,192,19,9,0.473684210526316
"Morelia viridis",192,230.4,10,3,0.3
"Morelia viridis",230.4,268.8,7,3,0.428571428571429
"Morelia viridis",268.8,307.2,4,1,0.25
"Morelia viridis",307.2,345.6,3,1,0.333333333333333
"Morelia viridis",345.6,384,2,2,1
"Mus musculus",0,6,26,9,0.346153846153846
"Mus musculus",6,12,17,6,0.352941176470588
"Mus musculus",12,18,11,4,0.363636363636364
"Mus musculus",18,24,7,6,0.857142857142857
"Mus musculus",24,30,1,0,0
"Mus musculus",30,36,1,0,0
"Mus musculus",36,42,1,0,0
"Mus musculus",42,48,1,0,0
"Mus musculus",48,54,1,0,0
"Mus musculus",54,60,1,1,1
"Mustela nigripes",0,10.2,78,14,0.17948717948718
"Mustela nigripes",10.2,20.4,64,1,0.015625
"Mustela nigripes",20.4,30.6,63,2,0.0317460317460317
"Mustela nigripes",30.6,40.8,61,7,0.114754098360656
"Mustela nigripes",40.8,51,54,11,0.203703703703704
"Mustela nigripes",51,61.2,43,5,0.116279069767442
"Mustela nigripes",61.2,71.4,38,2,0.0526315789473684
"Mustela nigripes",71.4,81.6,36,18,0.5
"Mustela nigripes",81.6,91.8,18,12,0.666666666666667
"Mustela nigripes",91.8,102,6,6,1
"Mustela putorius",0,16.8,95,7,0.0736842105263158
"Mustela putorius",16.8,33.6,88,3,0.0340909090909091
"Mustela putorius",33.6,50.4,85,14,0.164705882352941
"Mustela putorius",50.4,67.2,71,20,0.28169014084507
"Mustela putorius",67.2,84,51,37,0.725490196078431
"Mustela putorius",84,100.8,14,10,0.714285714285714
"Mustela putorius",100.8,117.6,4,3,0.75
"Mustela putorius",117.6,134.4,1,0,0
"Mustela putorius",134.4,151.2,1,0,0
"Mustela putorius",151.2,168,1,1,1
"Nanger dama",0,22.2,45,2,0.0444444444444444
"Nanger dama",22.2,44.4,43,8,0.186046511627907
"Nanger dama",44.4,66.6,35,4,0.114285714285714
"Nanger dama",66.6,88.8,31,3,0.0967741935483871
"Nanger dama",88.8,111,28,2,0.0714285714285714
"Nanger dama",111,133.2,26,8,0.307692307692308
"Nanger dama",133.2,155.4,18,3,0.166666666666667
"Nanger dama",155.4,177.6,15,7,0.466666666666667
"Nanger dama",177.6,199.8,8,4,0.5
"Nanger dama",199.8,222,4,4,1
"Notamacropus rufogriseus",0,30,41,7,0.170731707317073
"Notamacropus rufogriseus",30,60,34,16,0.470588235294118
"Notamacropus rufogriseus",60,90,18,3,0.166666666666667
"Notamacropus rufogriseus",90,120,15,9,0.6
"Notamacropus rufogriseus",120,150,6,3,0.5
"Notamacropus rufogriseus",150,180,3,2,0.666666666666667
"Notamacropus rufogriseus",180,210,1,0,0
"Notamacropus rufogriseus",210,240,1,0,0
"Notamacropus rufogriseus",240,270,1,0,0
"Notamacropus rufogriseus",270,300,1,1,1
"Nymphicus hollandicus",0,26.79,21,0,0
"Nymphicus hollandicus",26.79,53.58,21,0,0
"Nymphicus hollandicus",53.58,80.37,21,3,0.142857142857143
"Nymphicus hollandicus",80.37,107.16,18,5,0.277777777777778
"Nymphicus hollandicus",107.16,133.95,13,11,0.846153846153846
"Nymphicus hollandicus",133.95,160.74,2,1,0.5
"Nymphicus hollandicus",160.74,187.53,1,0,0
"Nymphicus hollandicus",187.53,214.32,1,0,0
"Nymphicus hollandicus",214.32,241.11,1,0,0
"Nymphicus hollandicus",241.11,267.9,1,1,1
"Oryctolagus cuniculus",0,16.8,97,8,0.0824742268041237
"Oryctolagus cuniculus",16.8,33.6,89,7,0.0786516853932584
"Oryctolagus cuniculus",33.6,50.4,82,12,0.146341463414634
"Oryctolagus cuniculus",50.4,67.2,70,11,0.157142857142857
"Oryctolagus cuniculus",67.2,84,59,20,0.338983050847458
"Oryctolagus cuniculus",84,100.8,39,13,0.333333333333333
"Oryctolagus cuniculus",100.8,117.6,26,6,0.230769230769231
"Oryctolagus cuniculus",117.6,134.4,20,12,0.6
"Oryctolagus cuniculus",134.4,151.2,8,4,0.5
"Oryctolagus cuniculus",151.2,168,4,4,1
"Osphranter robustus",0,24,37,4,0.108108108108108
"Osphranter robustus",24,48,33,2,0.0606060606060606
"Osphranter robustus",48,72,31,6,0.193548387096774
"Osphranter robustus",72,96,25,6,0.24
"Osphranter robustus",96,120,19,5,0.263157894736842
"Osphranter robustus",120,144,14,6,0.428571428571429
"Osphranter robustus",144,168,8,4,0.5
"Osphranter robustus",168,192,4,2,0.5
"Osphranter robustus",192,216,2,1,0.5
"Osphranter robustus",216,240,1,1,1
"Osphranter rufus",0,21.6,74,9,0.121621621621622
"Osphranter rufus",21.6,43.2,65,12,0.184615384615385
"Osphranter rufus",43.2,64.8,53,11,0.207547169811321
"Osphranter rufus",64.8,86.4,42,12,0.285714285714286
"Osphranter rufus",86.4,108,30,12,0.4
"Osphranter rufus",108,129.6,18,2,0.111111111111111
"Osphranter rufus",129.6,151.2,16,5,0.3125
"Osphranter rufus",151.2,172.8,11,5,0.454545454545455
"Osphranter rufus",172.8,194.4,6,4,0.666666666666667
"Osphranter rufus",194.4,216,2,2,1
"Ovis aries",0,24,68,2,0.0294117647058824
"Ovis aries",24,48,66,2,0.0303030303030303
"Ovis aries",48,72,64,4,0.0625
"Ovis aries",72,96,60,6,0.1
"Ovis aries",96,120,54,5,0.0925925925925926
"Ovis aries",120,144,49,12,0.244897959183673
"Ovis aries",144,168,37,16,0.432432432432432
"Ovis aries",168,192,21,13,0.619047619047619
"Ovis aries",192,216,8,6,0.75
"Ovis aries",216,240,2,2,1
"Ovis canadensis",0,22.8,26,5,0.192307692307692
"Ovis canadensis",22.8,45.6,21,1,0.0476190476190476
"Ovis canadensis",45.6,68.4,20,3,0.15
"Ovis canadensis",68.4,91.2,17,2,0.117647058823529
"Ovis canadensis",91.2,114,15,4,0.266666666666667
"Ovis canadensis",114,136.8,11,3,0.272727272727273
"Ovis canadensis",136.8,159.6,8,2,0.25
"Ovis canadensis",159.6,182.4,6,3,0.5
"Ovis canadensis",182.4,205.2,3,2,0.666666666666667
"Ovis canadensis",205.2,228,1,1,1
"Oxyura jamaicensis",0,30,22,0,0
"Oxyura jamaicensis",30,60,22,6,0.272727272727273
"Oxyura jamaicensis",60,90,16,1,0.0625
"Oxyura jamaicensis",90,120,15,4,0.266666666666667
"Oxyura jamaicensis",120,150,11,2,0.181818181818182
"Oxyura jamaicensis",150,180,9,3,0.333333333333333
"Oxyura jamaicensis",180,210,6,0,0
"Oxyura jamaicensis",210,240,6,3,0.5
"Oxyura jamaicensis",240,270,3,0,0
"Oxyura jamaicensis",270,300,3,3,1
"Pan troglodytes",0,68.4,23,0,0
"Pan troglodytes",68.4,136.8,23,4,0.173913043478261
"Pan troglodytes",136.8,205.2,19,0,0
"Pan troglodytes",205.2,273.6,19,0,0
"Pan troglodytes",273.6,342,19,5,0.263157894736842
"Pan troglodytes",342,410.4,14,2,0.142857142857143
"Pan troglodytes",410.4,478.8,12,3,0.25
"Pan troglodytes",478.8,547.2,9,6,0.666666666666667
"Pan troglodytes",547.2,615.6,3,2,0.666666666666667
"Pan troglodytes",615.6,684,1,1,1
"Panthera leo",0,28.8,31,2,0.0645161290322581
"Panthera leo",28.8,57.6,29,0,0
"Panthera leo",57.6,86.4,29,2,0.0689655172413793
"Panthera leo",86.4,115.2,27,0,0
"Panthera leo",115.2,144,27,5,0.185185185185185
"Panthera leo",144,172.8,22,1,0.0454545454545455
"Panthera leo",172.8,201.6,21,6,0.285714285714286
"Panthera leo",201.6,230.4,15,8,0.533333333333333
"Panthera leo",230.4,259.2,7,3,0.428571428571429
"Panthera leo",259.2,288,4,4,1
"Panthera onca",0,31.2,20,0,0
"Panthera onca",31.2,62.4,20,0,0
"Panthera onca",62.4,93.6,20,0,0
"Panthera onca",93.6,124.8,20,1,0.05
"Panthera onca",124.8,156,19,3,0.157894736842105
"Panthera onca",156,187.2,16,4,0.25
"Panthera onca",187.2,218.4,12,3,0.25
"Panthera onca",218.4,249.6,9,6,0.666666666666667
"Panthera onca",249.6,280.8,3,2,0.666666666666667
"Panthera onca",280.8,312,1,1,1
"Panthera pardus",0,26.4,25,0,0
"Panthera pardus",26.4,52.8,25,1,0.04
"Panthera pardus",52.8,79.2,24,0,0
"Panthera pardus",79.2,105.6,24,1,0.0416666666666667
"Panthera pardus",105.6,132,23,2,0.0869565217391304
"Panthera pardus",132,158.4,21,2,0.0952380952380952
"Panthera pardus",158.4,184.8,19,2,0.105263157894737
"Panthera pardus",184.8,211.2,17,5,0.294117647058824
"Panthera pardus",211.2,237.6,12,8,0.666666666666667
"Panthera pardus",237.6,264,4,4,1
"Panthera tigris",0,31.2,58,1,0.0172413793103448
"Panthera tigris",31.2,62.4,57,3,0.0526315789473684
"Panthera tigris",62.4,93.6,54,2,0.037037037037037
"Panthera tigris",93.6,124.8,52,3,0.0576923076923077
"Panthera tigris",124.8,156,49,10,0.204081632653061
"Panthera tigris",156,187.2,39,7,0.17948717948718
"Panthera tigris",187.2,218.4,32,18,0.5625
"Panthera tigris",218.4,249.6,14,10,0.714285714285714
"Panthera tigris",249.6,280.8,4,3,0.75
"Panthera tigris",280.8,312,1,1,1
"Panthera uncia",0,26.4,32,1,0.03125
"Panthera uncia",26.4,52.8,31,1,0.032258064516129
"Panthera uncia",52.8,79.2,30,0,0
"Panthera uncia",79.2,105.6,30,0,0
"Panthera uncia",105.6,132,30,4,0.133333333333333
"Panthera uncia",132,158.4,26,3,0.115384615384615
"Panthera uncia",158.4,184.8,23,3,0.130434782608696
"Panthera uncia",184.8,211.2,20,5,0.25
"Panthera uncia",211.2,237.6,15,9,0.6
"Panthera uncia",237.6,264,6,6,1
"Pantherophis guttatus",0,30,49,0,0
"Pantherophis guttatus",30,60,49,2,0.0408163265306122
"Pantherophis guttatus",60,90,47,6,0.127659574468085
"Pantherophis guttatus",90,120,41,11,0.268292682926829
"Pantherophis guttatus",120,150,30,8,0.266666666666667
"Pantherophis guttatus",150,180,22,4,0.181818181818182
"Pantherophis guttatus",180,210,18,8,0.444444444444444
"Pantherophis guttatus",210,240,10,4,0.4
"Pantherophis guttatus",240,270,6,2,0.333333333333333
"Pantherophis guttatus",270,300,4,4,1
"Petaurus breviceps",0,15.6,22,0,0
"Petaurus breviceps",15.6,31.2,22,1,0.0454545454545455
"Petaurus breviceps",31.2,46.8,21,1,0.0476190476190476
"Petaurus breviceps",46.8,62.4,20,2,0.1
"Petaurus breviceps",62.4,78,18,2,0.111111111111111
"Petaurus breviceps",78,93.6,16,3,0.1875
"Petaurus breviceps",93.6,109.2,13,9,0.692307692307692
"Petaurus breviceps",109.2,124.8,4,2,0.5
"Petaurus breviceps",124.8,140.4,2,1,0.5
"Petaurus breviceps",140.4,156,1,1,1
"Phacochoerus africanus",0,21.6,31,6,0.193548387096774
"Phacochoerus africanus",21.6,43.2,25,2,0.08
"Phacochoerus africanus",43.2,64.8,23,1,0.0434782608695652
"Phacochoerus africanus",64.8,86.4,22,1,0.0454545454545455
"Phacochoerus africanus",86.4,108,21,1,0.0476190476190476
"Phacochoerus africanus",108,129.6,20,1,0.05
"Phacochoerus africanus",129.6,151.2,19,6,0.31578947368421
"Phacochoerus africanus",151.2,172.8,13,8,0.615384615384615
"Phacochoerus africanus",172.8,194.4,5,3,0.6
"Phacochoerus africanus",194.4,216,2,2,1
"Phoenicopterus chilensis",0,60,56,0,0
"Phoenicopterus chilensis",60,120,56,0,0
"Phoenicopterus chilensis",120,180,56,0,0
"Phoenicopterus chilensis",180,240,56,8,0.142857142857143
"Phoenicopterus chilensis",240,300,48,13,0.270833333333333
"Phoenicopterus chilensis",300,360,35,13,0.371428571428571
"Phoenicopterus chilensis",360,420,22,11,0.5
"Phoenicopterus chilensis",420,480,11,9,0.818181818181818
"Phoenicopterus chilensis",480,540,2,1,0.5
"Phoenicopterus chilensis",540,600,1,1,1
"Phoenicopterus ruber",0,64.8,69,0,0
"Phoenicopterus ruber",64.8,129.6,69,0,0
"Phoenicopterus ruber",129.6,194.4,69,3,0.0434782608695652
"Phoenicopterus ruber",194.4,259.2,66,18,0.272727272727273
"Phoenicopterus ruber",259.2,324,48,18,0.375
"Phoenicopterus ruber",324,388.8,30,11,0.366666666666667
"Phoenicopterus ruber",388.8,453.6,19,10,0.526315789473684
"Phoenicopterus ruber",453.6,518.4,9,5,0.555555555555556
"Phoenicopterus ruber",518.4,583.2,4,0,0
"Phoenicopterus ruber",583.2,648,4,4,1
"Pipa pipa",0,10.8,31,2,0.0645161290322581
"Pipa pipa",10.8,21.6,29,2,0.0689655172413793
"Pipa pipa",21.6,32.4,27,5,0.185185185185185
"Pipa pipa",32.4,43.2,22,6,0.272727272727273
"Pipa pipa",43.2,54,16,4,0.25
"Pipa pipa",54,64.8,12,6,0.5
"Pipa pipa",64.8,75.6,6,0,0
"Pipa pipa",75.6,86.4,6,2,0.333333333333333
"Pipa pipa",86.4,97.2,4,3,0.75
"Pipa pipa",97.2,108,1,1,1
"Platalea ajaja",0,40.8,21,0,0
"Platalea ajaja",40.8,81.6,21,0,0
"Platalea ajaja",81.6,122.4,21,1,0.0476190476190476
"Platalea ajaja",122.4,163.2,20,3,0.15
"Platalea ajaja",163.2,204,17,8,0.470588235294118
"Platalea ajaja",204,244.8,9,6,0.666666666666667
"Platalea ajaja",244.8,285.6,3,1,0.333333333333333
"Platalea ajaja",285.6,326.4,2,1,0.5
"Platalea ajaja",326.4,367.2,1,0,0
"Platalea ajaja",367.2,408,1,1,1
"Procavia capensis",0,17.4,41,4,0.0975609756097561
"Procavia capensis",17.4,34.8,37,2,0.0540540540540541
"Procavia capensis",34.8,52.2,35,5,0.142857142857143
"Procavia capensis",52.2,69.6,30,4,0.133333333333333
"Procavia capensis",69.6,87,26,9,0.346153846153846
"Procavia capensis",87,104.4,17,8,0.470588235294118
"Procavia capensis",104.4,121.8,9,6,0.666666666666667
"Procavia capensis",121.8,139.2,3,0,0
"Procavia capensis",139.2,156.6,3,1,0.333333333333333
"Procavia capensis",156.6,174,2,2,1
"Pteropus rodricensis",0,26.4,26,4,0.153846153846154
"Pteropus rodricensis",26.4,52.8,22,0,0
"Pteropus rodricensis",52.8,79.2,22,0,0
"Pteropus rodricensis",79.2,105.6,22,0,0
"Pteropus rodricensis",105.6,132,22,2,0.0909090909090909
"Pteropus rodricensis",132,158.4,20,5,0.25
"Pteropus rodricensis",158.4,184.8,15,2,0.133333333333333
"Pteropus rodricensis",184.8,211.2,13,4,0.307692307692308
"Pteropus rodricensis",211.2,237.6,9,5,0.555555555555556
"Pteropus rodricensis",237.6,264,4,4,1
"Pusa hispida",0,20.4,29,7,0.241379310344828
"Pusa hispida",20.4,40.8,22,6,0.272727272727273
"Pusa hispida",40.8,61.2,16,2,0.125
"Pusa hispida",61.2,81.6,14,1,0.0714285714285714
"Pusa hispida",81.6,102,13,3,0.230769230769231
"Pusa hispida",102,122.4,10,3,0.3
"Pusa hispida",122.4,142.8,7,0,0
"Pusa hispida",142.8,163.2,7,3,0.428571428571429
"Pusa hispida",163.2,183.6,4,1,0.25
"Pusa hispida",183.6,204,3,3,1
"Rattus norvegicus",0,9.6,140,20,0.142857142857143
"Rattus norvegicus",9.6,19.2,120,34,0.283333333333333
"Rattus norvegicus",19.2,28.8,86,54,0.627906976744186
"Rattus norvegicus",28.8,38.4,32,26,0.8125
"Rattus norvegicus",38.4,48,6,5,0.833333333333333
"Rattus norvegicus",48,57.6,1,0,0
"Rattus norvegicus",57.6,67.2,1,0,0
"Rattus norvegicus",67.2,76.8,1,0,0
"Rattus norvegicus",76.8,86.4,1,0,0
"Rattus norvegicus",86.4,96,1,1,1
"Rousettus aegyptiacus",0,30,26,2,0.0769230769230769
"Rousettus aegyptiacus",30,60,24,4,0.166666666666667
"Rousettus aegyptiacus",60,90,20,2,0.1
"Rousettus aegyptiacus",90,120,18,4,0.222222222222222
"Rousettus aegyptiacus",120,150,14,5,0.357142857142857
"Rousettus aegyptiacus",150,180,9,5,0.555555555555556
"Rousettus aegyptiacus",180,210,4,2,0.5
"Rousettus aegyptiacus",210,240,2,1,0.5
"Rousettus aegyptiacus",240,270,1,0,0
"Rousettus aegyptiacus",270,300,1,1,1
"Saguinus oedipus",0,27.6,49,7,0.142857142857143
"Saguinus oedipus",27.6,55.2,42,2,0.0476190476190476
"Saguinus oedipus",55.2,82.8,40,4,0.1
"Saguinus oedipus",82.8,110.4,36,5,0.138888888888889
"Saguinus oedipus",110.4,138,31,4,0.129032258064516
"Saguinus oedipus",138,165.6,27,10,0.37037037037037
"Saguinus oedipus",165.6,193.2,17,9,0.529411764705882
"Saguinus oedipus",193.2,220.8,8,5,0.625
"Saguinus oedipus",220.8,248.4,3,1,0.333333333333333
"Saguinus oedipus",248.4,276,2,2,1
"Saimiri sciureus",0,36,47,6,0.127659574468085
"Saimiri sciureus",36,72,41,9,0.219512195121951
"Saimiri sciureus",72,108,32,3,0.09375
"Saimiri sciureus",108,144,29,1,0.0344827586206897
"Saimiri sciureus",144,180,28,4,0.142857142857143
"Saimiri sciureus",180,216,24,7,0.291666666666667
"Saimiri sciureus",216,252,17,8,0.470588235294118
"Saimiri sciureus",252,288,9,4,0.444444444444444
"Saimiri sciureus",288,324,5,4,0.8
"Saimiri sciureus",324,360,1,1,1
"Spheniscus humboldti",0,49.2,40,0,0
"Spheniscus humboldti",49.2,98.4,40,0,0
"Spheniscus humboldti",98.4,147.6,40,4,0.1
"Spheniscus humboldti",147.6,196.8,36,10,0.277777777777778
"Spheniscus humboldti",196.8,246,26,14,0.538461538461538
"Spheniscus humboldti",246,295.2,12,6,0.5
"Spheniscus humboldti",295.2,344.4,6,3,0.5
"Spheniscus humboldti",344.4,393.6,3,0,0
"Spheniscus humboldti",393.6,442.8,3,1,0.333333333333333
"Spheniscus humboldti",442.8,492,2,2,1
"Suricata suricatta",0,20.4,95,10,0.105263157894737
"Suricata suricatta",20.4,40.8,85,4,0.0470588235294118
"Suricata suricatta",40.8,61.2,81,9,0.111111111111111
"Suricata suricatta",61.2,81.6,72,10,0.138888888888889
"Suricata suricatta",81.6,102,62,12,0.193548387096774
"Suricata suricatta",102,122.4,50,14,0.28
"Suricata suricatta",122.4,142.8,36,13,0.361111111111111
"Suricata suricatta",142.8,163.2,23,15,0.652173913043478
"Suricata suricatta",163.2,183.6,8,7,0.875
"Suricata suricatta",183.6,204,1,1,1
"Sylvilagus transitionalis",0,5.4,29,14,0.482758620689655
"Sylvilagus transitionalis",5.4,10.8,15,1,0.0666666666666667
"Sylvilagus transitionalis",10.8,16.2,14,4,0.285714285714286
"Sylvilagus transitionalis",16.2,21.6,10,2,0.2
"Sylvilagus transitionalis",21.6,27,8,5,0.625
"Sylvilagus transitionalis",27,32.4,3,0,0
"Sylvilagus transitionalis",32.4,37.8,3,0,0
"Sylvilagus transitionalis",37.8,43.2,3,1,0.333333333333333
"Sylvilagus transitionalis",43.2,48.6,2,1,0.5
"Sylvilagus transitionalis",48.6,54,1,1,1
"Tragelaphus strepsiceros",0,16.8,31,2,0.0645161290322581
"Tragelaphus strepsiceros",16.8,33.6,29,1,0.0344827586206897
"Tragelaphus strepsiceros",33.6,50.4,28,3,0.107142857142857
"Tragelaphus strepsiceros",50.4,67.2,25,6,0.24
"Tragelaphus strepsiceros",67.2,84,19,1,0.0526315789473684
"Tragelaphus strepsiceros",84,100.8,18,3,0.166666666666667
"Tragelaphus strepsiceros",100.8,117.6,15,1,0.0666666666666667
"Tragelaphus strepsiceros",117.6,134.4,14,7,0.5
"Tragelaphus strepsiceros",134.4,151.2,7,2,0.285714285714286
"Tragelaphus strepsiceros",151.2,168,5,5,1
"Trichoglossus haematodus",0,18.6,94,14,0.148936170212766
"Trichoglossus haematodus",18.6,37.2,80,21,0.2625
"Trichoglossus haematodus",37.2,55.8,59,14,0.23728813559322
"Trichoglossus haematodus",55.8,74.4,45,17,0.377777777777778
"Trichoglossus haematodus",74.4,93,28,10,0.357142857142857
"Trichoglossus haematodus",93,111.6,18,8,0.444444444444444
"Trichoglossus haematodus",111.6,130.2,10,1,0.1
"Trichoglossus haematodus",130.2,148.8,9,7,0.777777777777778
"Trichoglossus haematodus",148.8,167.4,2,0,0
"Trichoglossus haematodus",167.4,186,2,2,1
"Trichoglossus moluccanus",0,21.6,57,18,0.31578947368421
"Trichoglossus moluccanus",21.6,43.2,39,19,0.487179487179487
"Trichoglossus moluccanus",43.2,64.8,20,8,0.4
"Trichoglossus moluccanus",64.8,86.4,12,2,0.166666666666667
"Trichoglossus moluccanus",86.4,108,10,3,0.3
"Trichoglossus moluccanus",108,129.6,7,1,0.142857142857143
"Trichoglossus moluccanus",129.6,151.2,6,2,0.333333333333333
"Trichoglossus moluccanus",151.2,172.8,4,1,0.25
"Trichoglossus moluccanus",172.8,194.4,3,1,0.333333333333333
"Trichoglossus moluccanus",194.4,216,2,2,1
"Ursus maritimus",0,40.8,23,1,0.0434782608695652
"Ursus maritimus",40.8,81.6,22,2,0.0909090909090909
"Ursus maritimus",81.6,122.4,20,1,0.05
"Ursus maritimus",122.4,163.2,19,0,0
"Ursus maritimus",163.2,204,19,2,0.105263157894737
"Ursus maritimus",204,244.8,17,3,0.176470588235294
"Ursus maritimus",244.8,285.6,14,4,0.285714285714286
"Ursus maritimus",285.6,326.4,10,4,0.4
"Ursus maritimus",326.4,367.2,6,2,0.333333333333333
"Ursus maritimus",367.2,408,4,4,1
"Varecia variegata",0,40.8,40,4,0.1
"Varecia variegata",40.8,81.6,36,3,0.0833333333333333
"Varecia variegata",81.6,122.4,33,0,0
"Varecia variegata",122.4,163.2,33,1,0.0303030303030303
"Varecia variegata",163.2,204,32,5,0.15625
"Varecia variegata",204,244.8,27,6,0.222222222222222
"Varecia variegata",244.8,285.6,21,7,0.333333333333333
"Varecia variegata",285.6,326.4,14,3,0.214285714285714
"Varecia variegata",326.4,367.2,11,8,0.727272727272727
"Varecia variegata",367.2,408,3,3,1
"Vicugna pacos",0,19.483,31,0,0
"Vicugna pacos",19.483,38.966,31,3,0.0967741935483871
"Vicugna pacos",38.966,58.449,28,0,0
"Vicugna pacos",58.449,77.932,28,6,0.214285714285714
"Vicugna pacos",77.932,97.415,22,2,0.0909090909090909
"Vicugna pacos",97.415,116.898,20,4,0.2
"Vicugna pacos",116.898,136.381,16,9,0.5625
"Vicugna pacos",136.381,155.864,7,0,0
"Vicugna pacos",155.864,175.347,7,4,0.571428571428571
"Vicugna pacos",175.347,194.83,3,3,1
"Zalophus californianus",0,38.4,40,4,0.1
"Zalophus californianus",38.4,76.8,36,2,0.0555555555555556
"Zalophus californianus",76.8,115.2,34,2,0.0588235294117647
"Zalophus californianus",115.2,153.6,32,3,0.09375
"Zalophus californianus",153.6,192,29,5,0.172413793103448
"Zalophus californianus",192,230.4,24,3,0.125
"Zalophus californianus",230.4,268.8,21,5,0.238095238095238
"Zalophus californianus",268.8,307.2,16,5,0.3125
"Zalophus californianus",307.2,345.6,11,9,0.818181818181818
"Zalophus californianus",345.6,384,2,2,1
