Species,a1,b1,a2,a3,b3,FLAG,Class,cancer_prevalence,neoplasia_prevalence
Acinonyx jubatus,-0.518138449597972,0.03600870503426569,0.5573551780510133,3.082837265314931e-9,2.1530898948098747,1,Mammalia,0.160377358490566,0.466981132075472
Addax nasomaculatus,-0.21819806670419184,0.1803029164304022,0.2608518982027326,6.487394238993982e-13,3.088430495492454,1,Mammalia,0.105263157894737,0.236842105263158
Ailurus fulgens,-1.2769598235321646,-0.2039463799048184,0.4929656621497313,0.9333600196765317,0.24643187884058848,0,Mammalia,0.0884353741496599,0.374149659863946
Artibeus jamaicensis,2.3640045963735137,-0.009602432962489787,-2.219329259189414,1.4166813070807932e-12,2.977474953608335,1,Mammalia,0.0595238095238095,0.142857142857143
Atelerix albiventris,0.08196310665282072,-0.09051667182189596,-0.05427036611205038,0.021518622109362763,0.4186969587780368,0,Mammalia,0.558960074280409,0.754874651810585
Bitis nasicornis,-33.350511694538966,6.338003944314462,0.1022161562116853,1.2812480420372357e-4,0.9837952249512487,0,Reptilia,0.162790697674419,0.348837209302326
Boa constrictor,-57.131870811645044,4.354225914696582,0.28305128768380333,3.691905168915051e-4,0.8082572277752536,10,Reptilia,0.364238410596026,0.492273730684327
Canis lupus,-0.05586223488357334,-0.20368656049819794,0.12168015305138696,0.00739222615849125,0.5746587346129305,0,Mammalia,0.370454545454545,0.640909090909091
Capra hircus,-0.16062962994377394,-0.43554690245864675,0.013285757428027865,0.18463199420501922,0.43554709545422227,0,Mammalia,0.284574468085106,0.545212765957447
Capra nubiana,0.67482792609783,-0.18206668746960625,1.3954159173960698,-2.029243043264347,0.07173530244586655,0,Mammalia,0.0833333333333333,0.166666666666667
Carollia perspicillata,-0.02933560889308294,-1.0669866056014374,0.2589132302758843,0.028751950268900487,1.0696701513203402,1,Mammalia,0.15,0.35
Cebuella pygmaea,-0.008697816344646284,-1.1306231964944131,0.2307292196043571,0.008330996828305744,1.1364132667046327,0,Mammalia,0.0287769784172662,0.115107913669065
Chinchilla brevicaudata,-0.41459151995303756,-0.5778068613336516,0.1201869924742898,0.4189284591336584,0.5778444401463472,0,Mammalia,0.0616438356164384,0.123287671232877
Colobus guereza,0.024845706717827844,-1.034443688548771,0.1806198345711385,-0.02549534551824602,1.0312589091559725,1,Mammalia,0.0649350649350649,0.201298701298701
Corallus caninus,-0.018984292399305245,-1.306957160883977,0.17937086953515724,0.018957726759559906,1.3071484789989714,1,Reptilia,0.0625,0.114583333333333
Crotalus horridus,2.1083015301759476,0.0031189581001258484,-2.0105139505958065,2.077036188437818e-7,1.7512094334164878,1,Reptilia,0.210526315789474,0.236842105263158
Crotalus lepidus,-1.4528989283471626e-4,-1.209915190229128,0.25307052204780534,7.340691946913924e-5,1.2975076695332106,0,Reptilia,0.0666666666666667,0.1
Crotalus polystictus,-0.05922174876452507,-0.2334391414224753,0.18027363257707124,0.011548100414374207,0.5238574165498374,0,Reptilia,0,0.0227272727272727
Cynomys ludovicianus,4.627520392001068e-4,-0.8001474231394605,0.25360353833110333,7.277671137228068e-5,0.798171249507178,0,Mammalia,0.403141361256544,0.6282722513089
Dasyprocta punctata,-0.2980142575586684,-0.2196587643070528,0.09775708057490293,0.06383083762739329,0.44256363462112436,0,Mammalia,0.288135593220339,0.440677966101695
Dendrocygna autumnalis,-0.10508181876777538,-0.18918561983930005,-0.4955950506802519,0.5934467302856399,0.13622810624010187,0,Aves,0.0782608695652174,0.143478260869565
Didelphis marsupialis,-0.43955323078958336,0.6571433305305826,0.055074827075583824,0.23187812802266816,0.08353101982503512,0,Mammalia,0.4375,0.701923076923077
Eidolon helvum,-1.3206791501374984,-0.8734859707908655,0.15203845800186203,1.3186248644677652,0.873738957758891,0,Mammalia,0.0238095238095238,0.0634920634920635
Eos bornea,-0.011733527518949804,-0.8410758209450204,0.33261664956655085,0.008395399616690226,0.8813178701907253,0,Aves,0.0495049504950495,0.158415841584158
Erpeton tentaculatum,-0.0010736051417330494,-1.7112858547704102,0.34989159427964867,0.0010700132184249798,1.7116717955214944,0,Reptilia,0.0158730158730159,0.0158730158730159
Eublepharis macularius,1.7466116023018103e-8,-1.88604924115107,-1.2059225735831343,1.1545067548959285,0.04850487544645873,1,Reptilia,0.0913461538461538,0.1875
Eudocimus ruber,-0.3268679607615813,0.34596342840479816,0.4057856897751011,1.3820379151735605e-12,2.9741629170469563,1,Aves,0.0181818181818182,0.0545454545454545
Eudorcas thomsonii,-0.010660665784640352,-0.7857296531821631,0.10448632674145183,0.011402361697115235,0.7856716074170467,0,Mammalia,0.247311827956989,0.419354838709677
Furcifer pardalis,-0.6196906409448979,0.15180049649293859,0.6194081165316249,6.816067490850122e-8,1.7637566256532062,1,Reptilia,0.164835164835165,0.263736263736264
Gallus gallus,1.041329237205947,-0.04881250296725714,-0.9232602558850281,4.939603766772758e-13,3.014124376714445,1,Aves,0.46693657219973,0.562753036437247
Giraffa camelopardalis,-0.07470706911945457,-0.09720204291227844,0.11279444052179687,0.049438856635751684,0.3393284125335991,0,Mammalia,0.121621621621622,0.202702702702703
Gonocephalus chamaeleontinus,-0.010508328475825864,-0.8559859214120679,0.11955115646767797,0.010166911167781238,0.8635760446668923,0,Reptilia,0.210702341137124,0.431438127090301
Gopherus agassizii,0.001869174120411276,-1.4668444109589602,0.25172227446542716,-0.0018899200233578905,1.4655373736941129,0,Reptilia,0.0895522388059701,0.119402985074627
Gorilla gorilla,0.20936937276161605,-0.2706673800734609,0.20531612846528804,-0.3811685968753249,0.1597863945329385,0,Mammalia,0.0892857142857143,0.321428571428571
Heloderma suspectum,-0.004295924111251323,-0.9489381552205948,0.20150901462905743,0.003493391432798829,0.9756021009374302,0,Reptilia,0.277777777777778,0.375
Heterocephalus glaber,1.4013282119763584,0.04104439417489445,-1.067898706393486,0.005490502037713394,0.5878184679633294,0,Mammalia,0.0555555555555556,0.1
Hydrochoerus hydrochaeris,-0.007405359032341927,-1.1809258139709566,0.14108812795171416,0.007310218671678258,1.1829407144494897,0,Mammalia,0.39247311827957,0.612903225806452
Lama glama,0.020299762165082887,-0.3620816146582301,0.004472340030120561,1.738372643462015e-5,1.1294175011593535,1,Mammalia,0.413793103448276,0.641379310344828
Lampropeltis getula,-1.9297220353255626,0.1275656080375724,1.1871184574971785,2.0516916127450957e-7,1.612421033239484,1,Reptilia,0.479166666666667,0.618055555555556
Lampropeltis triangulum,-0.9511774456487643,0.38339756249228973,0.4736452912475235,4.956605843464402e-4,0.7799064296676657,0,Reptilia,0.330434782608696,0.495652173913044
Larosterna inca,-0.019739759619853484,-1.158532206343402,0.20618351287088332,0.01964215720461157,1.1592132266239261,0,Aves,0.0181818181818182,0.0363636363636364
Lemur catta,-2.1968674845013934,0.016182576723429352,2.247235140016392,0.00757082051060202,0.49267049291765475,0,Mammalia,0.241379310344828,0.472413793103448
Leontopithecus chrysomelas,-0.2319800435988653,0.2195751004943714,-6.6834784678264265,6.990787860234197,0.005991828033207715,0,Mammalia,0.109311740890688,0.287449392712551
Leucopsar rothschildi,-0.004483063346792755,-1.1891440757636662,0.13341624789323075,0.0043552150658131466,1.1934589643472933,0,Aves,0.123456790123457,0.160493827160494
Litocranius walleri,1.133582624466393,-0.029205327139445045,-0.9944681612174121,4.864556568863723e-13,3.0753548570412934,1,Mammalia,0.028169014084507,0.112676056338028
Lontra canadensis,0.1308026625199058,-0.1348568336193098,-0.07621490672022543,7.852849182771029e-7,1.6273488832819032,1,Mammalia,0.183431952662722,0.301775147928994
Lycaon pictus,-0.8522678641721455,-0.1423930640979901,0.5255568080925639,0.395989175780246,0.24342185865161586,0,Mammalia,0.453271028037383,0.705607476635514
Macropus eugenii,-0.4702135728118209,0.7657525016948976,0.35267434513311713,1.4999639729738432e-14,3.486597155698812,1,Mammalia,0.0892857142857143,0.107142857142857
Mandrillus sphinx,-4.989271903508945,0.9255294248183241,0.38764058698207227,2.331980638158652e-9,2.3553644736574233,1,Mammalia,0.132231404958678,0.396694214876033
Megascops asio,-0.3256271864570801,-0.0799811588167057,0.16392766796345304,0.2230501915168468,0.19059577045083956,0,Aves,0.140350877192982,0.210526315789474
Meleagris gallopavo,-2.132326269818721,32.36312836431841,0.3253181663216522,2.626684569387805e-7,1.6216651805978821,0,Aves,0.175,0.216666666666667
Melopsittacus undulatus,-0.3216716469202837,-0.1476196908152746,0.26725485731740456,0.17128499991405663,0.25964080798343014,0,Aves,0.437625754527163,0.621730382293763
Morelia viridis,1.9481540766169144e-5,-1.4113123682939699,0.2363671347999855,-2.364235296224375e-5,1.3758265541862247,1,Reptilia,0.139344262295082,0.147540983606557
Mus musculus,-8.940613392880199,0.8801546446493353,0.21372147136842848,9.0486299232469,-0.8287729268838164,0,Mammalia,0.439393939393939,0.792929292929293
Mustela nigripes,-49.43318626851903,22.357844305174424,-2.1306610855257717,1.0757552225971987,0.12170898321521334,10,Mammalia,0.191860465116279,0.366279069767442
Mustela putorius,-4.922241573063656,1.1320997157297683,-2.0854383203959213,2.7897216828600655,-0.010470894186644035,0,Mammalia,0.500546298825458,0.853591914777383
Nanger dama,-0.06279101878890936,-0.5901950086081165,0.10045668388633511,0.06689728967164735,0.5905646420765263,0,Mammalia,0.0373134328358209,0.149253731343284
Neophema splendida,-0.14772089181838577,-1.1803594567365892,0.28295774021929,0.14701507245952983,1.180961324740321,0,Aves,0.0408163265306122,0.102040816326531
Notamacropus rufogriseus,-0.001884749426402754,-0.9499614070949772,0.43106182327921067,3.221892285632115e-4,1.1525151244872953,0,Mammalia,0.0549450549450549,0.0989010989010989
Nymphicus hollandicus,-0.33584423439712063,-1.013385862043605,0.29186572095737406,0.3345555552233639,1.013838139260567,0,Aves,0.3960092095165,0.591711435149655
Oryctolagus cuniculus,0.38369866635965194,-0.09797240134986997,-0.31735091695067486,3.26318420061411e-10,2.320963039075027,1,Mammalia,0.463362831858407,0.753982300884956
Osphranter robustus,-1.5412417709147748,0.04655991134541151,1.5937561822784998,7.096265721211634e-11,2.4983917796723842,1,Mammalia,0.2,0.255555555555556
Osphranter rufus,2.3303386441022704,-0.009293366878931585,-2.166322319416742,1.9448499156848675e-5,1.2170540195400825,0,Mammalia,0.103960396039604,0.168316831683168
Ovis aries,2.2365025665532903,0.09745044841970096,-4.734977183703025,2.5409917533085586,0.07112161936362332,0,Mammalia,0.256410256410256,0.441025641025641
Ovis canadensis,-0.1451055167546655,-0.07073516558214471,0.25021422014298106,0.025869362304778595,0.40857539352835726,0,Mammalia,0.0441176470588235,0.132352941176471
Oxyura jamaicensis,-0.11727117476621848,-1.0447623027940243,0.19987642463349978,0.11684343811004616,1.0452276683093364,0,Aves,0.03125,0.0859375
Pan troglodytes,-4.66892174022515,-0.05256448967067437,2.9503479122306997,1.7758836942611573,0.1264663408015581,0,Mammalia,0.0850202429149798,0.445344129554656
Panthera leo,-0.032366088205121296,0.020725374947935228,0.048810049746285826,0.012210418336571008,0.48171346256342495,0,Mammalia,0.460869565217391,0.747826086956522
Panthera onca,1.7809586855360217e-8,-1.5755359196793106,-0.2856976338107522,0.1767192818493311,0.21759804296618318,0,Mammalia,0.428571428571429,0.633928571428571
Panthera pardus,-0.0037328009675064878,-0.8672413547946392,0.026620371657821884,0.00428563028263974,0.8691757981004675,0,Mammalia,0.480582524271845,0.796116504854369
Panthera tigris,-2.8701161183418242,-0.006572164144538045,-0.44574785037817954,2.974994921996576,0.04558024381031346,0,Mammalia,0.369444444444444,0.586111111111111
Panthera uncia,-0.025233388879229365,-0.5387263061510568,0.03280054164668482,0.023171527074136247,0.5813331147104666,0,Mammalia,0.330232558139535,0.665116279069767
Pantherophis guttatus,2.7314249629626084,-0.01644200498928948,-2.6928457189555144,2.7140556616619846e-12,2.885696039135095,1,Reptilia,0.270142180094787,0.421800947867299
Petaurus breviceps,-0.3175447476151628,-0.18498742417824365,-0.1672782637765959,0.4605791081816989,0.1989462690614239,0,Mammalia,0.336363636363636,0.577272727272727
Phacochoerus africanus,-0.9426506117225277,-0.0455377861481297,-0.20033572800976795,0.7889875955267531,0.13209585148753106,0,Mammalia,0.333333333333333,0.615384615384615
Phoenicopterus chilensis,-1.6704461680086518,0.3155550326974719,0.7708390338619445,4.6043064446304105e-12,2.7730596089680732,1,Aves,0.0609756097560976,0.105691056910569
Phoenicopterus ruber,-5.937999241854675,1.541635700359726,0.355015990300934,6.283844491752205e-12,2.81407481574124,1,Aves,0.0757575757575758,0.121212121212121
Phyllomedusa bicolor,-0.004010974170706668,-0.7758627160907681,0.2651153879224445,9.395102692949761e-4,0.9725622755046271,0,Amphibia,0.121951219512195,0.195121951219512
Pipa pipa,-0.23150351727499544,0.5763676945099117,0.2685319667845346,4.914812841875836e-9,2.300358893662332,0,Amphibia,0.0363636363636364,0.0727272727272727
Platalea ajaja,-10.344322898976813,1.3649921147119692,0.37892133472290146,3.1291466088463625e-12,2.887115616833781,1,Aves,0.0384615384615385,0.184615384615385
Procavia capensis,-0.08396613815455119,-1.0969249583632519,0.24258318384077582,0.08382259921818642,1.0971656796054736,0,Mammalia,0.108433734939759,0.192771084337349
Pteropus rodricensis,-0.777603565537849,-0.022089140906473917,0.8369287137547623,0.010842404411047361,0.5135138896128354,0,Mammalia,0.0454545454545455,0.0909090909090909
Pusa hispida,-0.015577045068695065,-0.981481067677026,0.2074812778140017,0.015160288903153154,0.9853063820308473,1,Mammalia,0.113207547169811,0.150943396226415
Rattus norvegicus,3.545793526845471e-10,-2.407615027757358,-0.29029000662182636,0.817274017589924,-0.09116727132638966,0,Mammalia,0.319571865443425,0.796636085626911
Rousettus aegyptiacus,-0.3367570884043861,0.4896266375918267,0.3558603695634499,1.444404303306512e-7,1.686958199210061,0,Mammalia,0.191919191919192,0.262626262626263
Rousettus lanosus,-0.1584145176742694,-0.7558126170146209,0.0536175095955118,0.15888522049463588,0.7562037691469181,0,Mammalia,0.147058823529412,0.264705882352941
Saguinus oedipus,-4.898599145144381,0.011702420816891603,4.937749621756817,2.537461645268274e-10,2.367830005968737,1,Mammalia,0.153846153846154,0.291208791208791
Saimiri sciureus,-16.71220721905232,-0.029753354369192117,11.806172323703182,5.072724564399346,0.08696159650084269,0,Mammalia,0.0783132530120482,0.331325301204819
Sceloporus cyanogenys,0.052883027773173524,11.817234779229047,0.08745613612177777,0.026309422052588478,0.38546735614284333,0,Reptilia,0.0285714285714286,0.228571428571429
Spheniscus humboldti,-19.351781993988197,2.1981632606750634,0.3383874416754151,4.026651218040559e-7,1.5831466918378436,0,Aves,0.117056856187291,0.147157190635452
Suricata suricatta,-0.8707037120868699,-0.09154332683175699,0.662557394152989,0.2967357649726323,0.24063143898413547,0,Mammalia,0.239316239316239,0.41025641025641
Sylvilagus transitionalis,2.5977104744948836,0.0147366767906545,-2.243700658470261,2.0277093170063426e-5,1.2507887752391171,0,Mammalia,0.0594059405940594,0.148514851485149
Taurotragus derbianus,0.04483066906154147,-0.15000666936874596,0.09622451006043872,1.322694835995389e-10,2.6712846032161526,1,Mammalia,0.0294117647058824,0.0588235294117647
Tragelaphus strepsiceros,-0.07098654259837507,-0.8447050529810611,0.10709704256118058,0.07121469149643803,0.845017695805832,0,Mammalia,0.0138888888888889,0.152777777777778
Trichoglossus haematodus,-0.5282483974650432,-1.1978337160350663,0.32749345761365894,0.528118995952876,1.1978636949093995,0,Aves,0.0359281437125748,0.161676646706587
Trichoglossus moluccanus,0.2886743421723332,0.14168967052689319,0.109398880961868,1.2321875229357848e-7,1.7441234428312637,0,Aves,0.0192307692307692,0.0897435897435897
Ursus maritimus,-0.036952985260333006,2.7767137391701144,0.07929785235296989,0.001629031864888439,0.697932363197849,0,Mammalia,0.247619047619048,0.523809523809524
Varecia variegata,0.09830108612548047,-0.42030548485758684,0.09441978673226023,-0.11757304041767613,0.3696806183758031,0,Mammalia,0.192546583850932,0.484472049689441
Vicugna pacos,-0.06870465103918541,-0.6645693473899015,0.09499169037826936,0.0705501983735482,0.6651871579488271,0,Mammalia,0.427215189873418,0.984177215189873
Zalophus californianus,-0.21574978256735017,-1.001868697614678,0.09374814023903709,0.21598603218414897,1.0018688365339776,0,Mammalia,0.195945945945946,0.29054054054054
