"Species","a1","b1","a2","a3","b3","RMSE","FLAG"
"Acinonyx jubatus",0.0511955097062391,173.750427164169,0.0371511365425564,0.00256339336183372,0.657702098034185,0.0491153725311548,0
"Addax nasomaculatus",-3.26059842623144,4.67926870345605,0.119936142089408,3.39057385707391e-05,1.11553581908105,0.163890361291652,0
"Ailurus fulgens",0.0791525208478928,15.8320170968911,0.0849521304100619,0.00256252826843825,0.681170787695099,0.0451720440725564,0
"Artibeus jamaicensis",-10.6148040325954,4.16061809187955,0.253844397565104,5.40948074421867e-05,1.03483567749613,0.2057213336351,0
"Atelerix albiventris",-599.713394045474,8.27676617095565,0.0965965637595008,0.185196037252104,0.396226218770158,0.0327229460975459,0
"Bitis nasicornis",0.101842281073346,2.94771196295529,-0.382502924423892,0.447327203256639,0.414617689448703,5.03323755900888e-07,0
"Boa constrictor",-1.77221101552346,1.29448027595174,0.380539240678882,1.95355405635091e-14,3.45191030067248,0.173411123735966,0
"Canis lupus",-2.48139172919569,2.15993243296883,0.110113449692293,0.000795261836424862,0.87624729164225,0.0399745174907382,0
"Capra hircus",-2.34643753541326,4.20178252664734,0.0410044982417252,0.0172369437351418,0.473074804375145,0.0407017368795902,0
"Capra nubiana",-0.575400903969813,3.26534511534965,-0.0290741676830411,0.0247212466723938,0.421700194286703,0.0473658284261269,0
"Carollia perspicillata",-0.142034768993983,0.883103139712203,0.300142893529009,2.28468211375847e-05,1.2909631966228,0.0928778583189113,0
"Cebuella pygmaea",-0.159777601895657,22.2974112276119,0.270741451251105,1.80034798060396e-13,4.7675226248116,0.135861808832109,0
"Chinchilla brevicaudata",-0.703408818335719,0.122749936422454,0.666520565937238,1.47702974961042e-14,3.47519500415075,0.0531365544084012,0
"Colobus guereza",-2.73227224534243,1.43021839540476,0.252117798714028,5.16376514455297e-15,4.07507543091746,0.110526514770356,0
"Corallus caninus",-0.428063839548626,0.0743518340476678,0.50411757844106,5.86956803981796e-12,2.83352585636815,0.157392990330118,0
"Crotalus horridus",-6.32134692723349,13.005450614999,-0.122241850551762,0.00352628970225165,0.683623781263463,0.0927313713903419,0
"Crotalus lepidus",-0.237617241869541,11.299363866771,0.266802758344713,1.26271923413367e-14,3.64805761309506,0.158134356631755,0
"Crotalus polystictus",1.73536670678764,0.299053392251436,-5.16569772839367,3.68678473207378,0.0835756273287289,0.0429678638323901,0
"Dasyprocta punctata",0.00088746569956279,10.0244258607978,0.141923281092938,6.67218926777824e-14,4.2131784424216,0.0528796657852703,0
"Dendrocygna autumnalis",-8.82447343675641,16.5381429755004,-0.572087140106645,0.563255999892282,0.110505381134141,0.0627335101748217,0
"Didelphis marsupialis",-1.4024562716185,1.29671599504859,-1.06725233606682,1.5485701226742,0.0209739467442068,0.300190229084867,0
"Eidolon helvum",-0.0693845300726625,19.158744915759,0.180471275110753,4.09726344791544e-05,1.61828596754394,0.023499724190824,0
"Eos bornea",0.408710581245445,0.0529595893547377,0.144578137070813,1.23988009396257e-07,3.05803512811275,0.0466493163920188,0
"Erpeton tentaculatum",-0.217308501138044,0.614211890756383,0.355854677414514,7.14997544906933e-18,4.33706162763938,0.15071905977571,0
"Eublepharis macularius",-1.30295709388958,3.79370941956515,0.0304340221931207,0.027780086292456,0.387688250872585,0.0595452151817371,0
"Eudocimus ruber",-0.301585613476484,0.381630818883015,0.384962718304751,8.70178609335613e-13,3.02902182230091,0.165188583053285,0
"Eudorcas thomsonii",0.113057014626988,18.3350138057391,0.0757010000207221,0.00172180515118861,0.693631860988823,0.0865579089637216,0
"Furcifer pardalis",-0.156367328784524,2.61171087128907,0.0181962715022177,0.31998931703841,0.432794432488965,5.03495970959965e-07,0
"Giraffa camelopardalis",-0.394057823948422,0.263788052354892,0.333170658427669,0.00224307531264195,0.643803102986031,0.0461834095181922,0
"Gopherus agassizii",2.09736061696113,0.00820571770145418,-1.76578627172634,4.35126805243924e-10,3.54720871168037,0.173553020200588,0
"Gorilla gorilla",-2.2029278338725,4.19836701021659,-0.116133065036552,0.103268602607697,0.265761191721038,0.0796168401083656,0
"Heloderma suspectum",-0.0464769749345238,6.16375439369766,0.161605463988009,6.80710491607598e-06,1.28994032315366,0.144955443864411,0
"Heterocephalus glaber",4.01197686834532,0.0141855088803141,-3.67982998808729,0.00697981560018497,0.566010557610606,0.118611249755523,0
"Hydrochoerus hydrochaeris",-0.00934179792776954,2.60017577469414,0.141599259293182,4.00745524509439e-14,3.71015321194051,0.0591801792181582,0
"Lama glama",0.0499771171242368,13.3521476673214,0.0189514654353244,0.00514526627537746,0.579869942041764,0.0460720926647177,0
"Lampropeltis getula",-1.11564562964778,0.988567614141362,-0.433130783266935,0.397184050125482,0.304641581715798,7.07120773696874e-07,0
"Lampropeltis triangulum",0.0293159503887732,13.2246277011068,-0.202452122936566,0.202546488555934,0.191992698926125,0.0512676183034048,0
"Lemur catta",-0.0390880884120676,13.2936008468302,0.0423273256299024,0.0523257689816314,0.320157523326601,0.0323855380632413,0
"Leontopithecus chrysomelas",0.0379893730294335,119.743039958165,-7.37805046789707,7.47444624430454,0.00852647434638676,0.235829399974876,0
"Leucopsar rothschildi",-0.32692687653679,0.341235612526576,0.26773129763144,1.91520913713036e-10,2.71011355932048,0.0737948040453024,0
"Litocranius walleri",-0.0715959828164838,391.344804287417,0.234323989232319,0.000536311371352371,0.797724579716994,0.113706376636112,0
"Lontra canadensis",-0.293157574328555,0.265889421886721,0.259616113793935,6.89698779104432e-06,1.3830096079901,0.0346531900737493,0
"Lycaon pictus",-11.2868162896466,59.6479424999257,-0.461699577780222,0.151925416051167,0.250146422766857,0.070138085847955,0
"Macropus eugenii",-0.968282223096307,1.75604904716538,0.326502209020256,4.71378429813428e-15,3.61994931771357,0.175702367930968,0
"Mandrillus sphinx",0.00979356682664839,2.13765926431354,-0.0434984117488759,0.0706765842604624,0.296620429539505,0.0855873965093379,0
"Megascops asio",-3.7027749729135,1.23920393300126,0.319056652978443,1.48807044397816e-10,2.46688336109863,0.236691731998137,0
"Meleagris gallopavo",-1.2663050215999,2.58481132292797,-2.47090078620408,2.80459272944808,0.00291743620099249,0.324402558228009,0
"Morelia viridis",-0.324963628221605,0.203170523463595,0.41522895585656,4.04963674192012e-15,3.63195330447136,0.0998521289942656,0
"Mus musculus",-0.764614557213346,5.8551693209498,0.311617190559244,0.914181306053255,-0.995000323872883,0.372445444670219,0
"Mustela nigripes",0.128537452732915,15.2567190310929,0.0477878769617939,0.00317371410027206,0.663933887815171,0.0771249482196316,0
"Mustela putorius",-16.5228693102744,0.675640159710345,0.396649492819757,12.4283329812487,-0.567257827162602,0.301852207645977,0
"Nanger dama",-0.0702294631723422,11.4123326268539,0.106933905378025,0.00768407639374429,0.542292554915156,0.0627338210500437,0
"Neophema splendida",7.17945257177986,0.0116681346827145,-6.70856301661203,1.19321450675986e-12,5.38937782531796,0.133972526940254,0
"Notamacropus rufogriseus",-0.12447661498852,3.091759815746,0.296607899802434,2.34390440279937e-12,2.93329801142047,0.246553711007138,0
"Nymphicus hollandicus",-0.142845876546414,42.3435126244158,0.428088487627129,2.97910705731573e-08,5.58913214716361,0.331796576057412,0
"Oryctolagus cuniculus",-0.0383126366348293,2.9209963364794,0.0359210617326282,0.0857798786901327,0.259745526352702,0.0736939109661106,0
"Osphranter rufus",-0.131950995526973,0.854606089766164,0.247005715011295,0.00214676172760211,0.687714812233533,0.0697743914404043,0
"Ovis aries",0.117556194317692,0.941125948305247,-0.337142823255249,0.252457935960362,0.233474160026634,0.081848794689992,0
"Ovis canadensis",-4.0177318545545,3.79312543063234,0.119869342592518,0.011220859440529,0.487208526459829,0.072543524073929,0
"Oxyura jamaicensis",-0.218137088882589,15.6197050306031,0.182395150702194,1.03875463773503e-06,1.49911186295733,0.171387065397464,0
"Pan troglodytes",0.0321380520325107,3.0850766044398,-0.069478543029524,0.0841287230125965,0.38712975300326,0.0810375822876989,0
"Panthera leo",0.0920515973556358,3.03735709820034,-0.0944891191254377,0.0682412170217025,0.343976458992929,0.0494531853858051,0
"Panthera onca",-0.609890560982838,2.96704218693921,-0.248586058293229,0.150600059469203,0.234120518385537,0.0614507813024329,0
"Panthera pardus",-1.91997160139842,5.76646102142311,0.0451444920507171,0.00025653331721724,1.16088874925065,0.0284013162508077,0
"Panthera tigris",0.28540679254197,12.0230199466673,-1.31187886953579,1.04369807616321,0.0890847283317136,0.0657643500089039,0
"Panthera uncia",-1.39296995800735,0.0123506156657864,1.39875377492756,1.73055692765696e-05,1.27423904280916,0.0305047274588919,0
"Pantherophis guttatus",-24.7998211540643,2.66136282470106,0.248677015192879,0.000493990921052283,0.831037349507524,0.102941164474507,0
"Petaurus breviceps",0.0936505496603255,0.636103619010466,-0.330366522053303,0.247235416659711,0.178894020459133,0.124366037480276,0
"Phacochoerus africanus",0.561546947524227,2.92806402716145,-0.791834262155138,0.423833234233493,0.158325649072314,0.0704527749975482,0
"Phoenicopterus chilensis",-1.75469728104686,0.334351285321861,0.75939005242474,6.28905905789872e-15,3.50774064214932,0.0889605227603362,0
"Phoenicopterus ruber",-18.9202983164985,2.33788257054568,-1.27029657206307,1.39478539603141,0.0340425201298044,0.216602679795101,0
"Phyllomedusa bicolor",-0.113132700490115,36.7938718450263,0.313106602259028,1.69934956469232e-07,2.31603507560231,0.136892940367737,0
"Pipa pipa",-0.176167033134099,1.18261014864966,0.29528632291479,4.03053596596991e-09,3.16319227939268,0.170052149639208,0
"Platalea ajaja",-76.5165579233385,1.90138316765682,-5.43367958637728,5.79399407261125,0.00364578617434908,0.235544842695458,0
"Procavia capensis",-3.05382788366182,1.25141665227507,0.344364705670559,1.3470302857282e-12,2.98959759943787,0.166857707269109,0
"Pteropus rodricensis",-2.96703652931622,0.434710106595817,0.545560453744324,1.61249791215672e-10,2.42967559175841,0.08162402826444,0
"Pusa hispida",0.879430384335103,-0.00450174876551631,-0.689187323755278,7.53457615365548e-11,2.56114488620951,0.113695515074927,0
"Rousettus aegyptiacus",-0.342174782756726,0.423071957230999,0.381720597851364,4.19903219279146e-14,3.36793674639188,0.162503229952404,0
"Rousettus lanosus",-3.1749374797992,4.25429090437551,0.0907775397216662,0.000130614873005276,1.24433979904193,0.0670521417302317,0
"Saguinus oedipus",0.0866141994345376,2.89501597102145,-0.164290392054516,0.218700217644026,0.174394977611543,0.107904150383218,0
"Saimiri sciureus",1.17773630348186,0.0732632339455808,-1.12979209125316,0.121772411260313,0.334220385862307,0.0413090094214018,0
"Sceloporus cyanogenys",0.0529117906146616,17.8613162453194,0.0874462384089441,0.0263147095679644,0.38544621248721,0.0720413737774016,0
"Spheniscus humboldti",-6.23390597698087,1.58856667138469,0.366189506613697,1.30847497838296e-15,3.75687907035615,0.144184421942294,0
"Suricata suricatta",-8.01871097931527,5.54108399519631,0.0316586868656625,0.0309470647867933,0.415523413052145,0.0403392746111606,0
"Sylvilagus transitionalis",0.284742107948284,17.4657014581999,0.198008457151352,2.0851609747044e-05,1.19395746284477,0.173342049974367,0
"Taurotragus derbianus",0.0439323726304908,14.0338915209494,0.156029848391158,2.97591804844537e-05,1.16586472335707,0.0599530166971357,0
"Tragelaphus strepsiceros",-27.8674301859147,5.01796070795392,0.253946239294379,1.30858253812249e-07,2.22181329549899,0.115327373831988,0
"Trichoglossus haematodus",-0.324949718303991,0.819902511069399,0.53859386385357,3.59743786430658e-14,5.03078313933032,0.118647023420683,0
"Trichoglossus moluccanus",0.618471660606532,0.0512386517753532,-0.226972847105354,3.05502818626887e-07,1.6469009222671,0.0824826242306321,0
"Ursus maritimus",-0.0367154346555313,2.75441823877872,0.0790480114174321,0.00164722042581248,0.696697822380818,0.0820759315855683,0
"Varecia variegata",-0.278825895763634,15.5840811578973,0.0640399238176714,0.00281605604386594,0.673878467410653,0.082590889874388,0
"Vicugna pacos",-62.7389276308043,5.79779122992828,0.190381844429465,2.67259772594961e-05,1.15828772761803,0.131710706268785,0
"Zalophus californianus",0.0699585223441175,2.66710624411791,0.0153223058365367,0.0170522874705005,0.484953906193096,0.076842193282414,0
