"Species","a1","b1","a2","a3","b3"
"Neophema splendida",-2.45876975877951,4.31437890938057,0.427838838718537,-6.41116664945584,0.650369986324657
"Bitis nasicornis",-2.55935575607592,5.15812280672898,0.0679778908041883,-8.32197730234791,0.755857392161818
"Suricata suricatta",-3.06479192997262,4.45713739108998,0.0219493950769975,-5.24998202488745,0.34990267757498
"Morelia viridis",-2.6568908714578,5.08480666392022,0.0319419761419204,-5.26670628832344,0.129679812257706
"Oryctolagus cuniculus",-3.04698965458706,5.85434668905038,0.0180328402249937,-3.75893389303819,0.290564110677354
"Colobus guereza",-2.5668450270594,5.51227328396939,0.0181078423624187,-5.62596778688935,0.154107476815613
"Mustela putorius",-2.82941438848572,5.58403701614113,0.00758658481030174,-3.61902418751976,0.390762992475549
"Acinonyx jubatus",-2.66022210706668,4.55138705420836,0.0307182455584675,-10.0975033549985,0.603845478894263
"Corallus caninus",-2.54115086108905,3.21995570812429,0.0300729240997999,-6.3272924134199,0.265844665273113
"Pusa hispida",-2.43725704620708,3.86419853458102,0.125434971395096,-8.45867284741245,0.429613638289346
"Sceloporus cyanogenys",-2.53832093192297,4.43685664225462,0.149295267432754,-5.4258086071296,0.572101688797546
"Ovis aries",-2.85612103664752,5.31641519949437,0.0101696650195544,-5.67355748601039,0.302964053985263
"Panthera leo",-2.48616658578295,3.79217108542005,0.0118936806280169,-6.93292748802244,0.295005743675106
"Panthera pardus",-2.56565902096841,5.3539186696654,0.0117763800154112,-10.2711402802131,0.513893532038265
"Crotalus lepidus",-2.70737968129392,5.60723353277696,0.0599431709522802,-4.91387503997092,0.171413990163863
"Zalophus californianus",-2.83319475473351,4.95438576435843,0.0201454176070668,-8.57968688177599,0.272840811651551
"Eidolon helvum",-2.59597617910307,5.02405697573059,0.0726411882502006,-7.41454253255146,0.407718488859295
"Phoenicopterus ruber",-2.95520860591738,6.19640282856374,0.00176442905517109,-5.25102700640915,0.0841438366383168
"Eublepharis macularius",-2.51929571340877,5.12276007838242,0.0164755826217196,-5.0647309607811,0.275925159962751
"Trichoglossus moluccanus",-2.96630697553031,4.11933843941389,0.139477801132169,-9.21827164162814,0.37679910238266
"Pan troglodytes",-2.60430362732744,5.43479336692148,0.011113809176431,-7.34334990879269,0.108732991316036
"Didelphis marsupialis",-2.896752105484,5.23250995904923,0.0370334003305828,-2.73778723910959,0.779830995764918
"Litocranius walleri",-2.80076989779788,4.91072345661012,0.0871049835494154,-4.55201758312027,0.274518806019562
"Meleagris gallopavo",-2.87416500801363,6.02100275816781,0.0136007711409431,-4.10007023942972,0.181932842394543
"Eudocimus ruber",-2.74818960378199,5.55804981153767,0.0365503556958962,-4.03169316280517,0.102145078505133
"Panthera onca",-2.55314718652055,5.4740694935947,0.00687899285824243,-6.48193118472319,0.258205756811064
"Canis lupus",-2.02384622994329,4.07152806401938,0.0240854047985541,-7.44069230219546,0.481916486132602
"Atelerix albiventris",-3.04981414804998,6.00719336704594,0.0218310366817626,-3.49909048654822,0.682691322783319
"Megascops asio",-2.53902314580924,5.4536104412715,0.0192929898958213,-4.69149772951613,0.167820219465896
"Pantherophis guttatus",-2.86728738240644,6.0995877975218,0.0109914798801055,-4.61359285339196,0.166290838647735
"Leucopsar rothschildi",-2.61851862688109,5.17461867129154,0.0351945092360637,-7.07633916638267,0.337508512608825
"Melopsittacus undulatus",-2.87196643861032,5.60420491935923,0.0418963159361237,-4.11050404311888,0.426494367557934
"Phacochoerus africanus",-2.44812248266361,2.27445207898328,0.0224937199644535,-8.26417304363031,0.51808652852976
"Rousettus aegyptiacus",-2.59316949460899,5.27962115392106,0.0396419664713705,-4.68128820110443,0.159834845341205
"Osphranter rufus",-3.12436388086955,5.73380556542938,0.0590762603717055,-5.86527529260065,0.312865385701482
"Procavia capensis",-2.94499490011401,5.26522120219186,0.0278265948684073,-4.65775400427829,0.360120253127698
"Dendrocygna autumnalis",-3.02087363771309,6.49371508370445,0.00636392186860934,-4.35594074927577,0.243240326825849
"Nanger dama",-2.88185590121036,5.50042453186336,0.0428492316900293,-6.48194954763803,0.341055416035067
"Gallus gallus",-3.25146565825572,5.85338675638978,0.0335319711085078,-3.18355498152306,0.244039098103373
"Artibeus jamaicensis",-2.63095890332105,5.34443427807692,0.0307239519085327,-4.36528843448745,0.157244608986968
"Chinchilla brevicaudata",-2.70542332903415,5.64947473855335,0.0274299678583054,-4.71079617784277,0.203968892605682
"Spheniscus humboldti",-2.84471089551958,6.17108045195927,0.00254489752028181,-5.89069808725197,0.158811198451958
"Gorilla gorilla",-2.72361967540567,5.7910032331959,0.00675048084714391,-8.75098456063191,0.151033661115266
"Lemur catta",-2.97133071190792,6.08109201451648,0.0159779405022139,-5.14483033858349,0.12614831545484
"Addax nasomaculatus",-2.73639643318044,5.14915668518743,0.0238038445218324,-7.45254245972957,0.298776141413045
"Platalea ajaja",-2.64619189200919,5.8302407416892,0.00593610593522101,-5.24058288223555,0.149829305465755
"Mustela nigripes",-1.17084356645329,3.50967558355784,0.0269653597696489,-5.46097609453513,0.76365953909974
"Ailurus fulgens",-2.77524544009212,4.30469348957271,0.0304852660369785,-8.01923681426443,0.402664435133192
"Leontopithecus chrysomelas",-3.094330474088,5.13750355864192,0.0130398869728009,-4.62075058214313,0.158667732928966
"Osphranter robustus",-2.88779591044336,5.77763388371272,0.0192842846948803,-4.76757897321257,0.239138637651468
"Rattus norvegicus",-3.11790335645897,5.94861117688789,0.0283077488850761,-1.46482318584279,0.44998025095396
"Capra hircus",-3.07950724313887,5.73702465671043,0.0105429329970589,-5.14170969621995,0.332280494785434
"Phoenicopterus chilensis",-2.80653811290603,6.00093457793735,0.00195097283802472,-5.98533972973362,0.122962762327488
"Lontra canadensis",-2.6807256932154,4.62007146016343,0.0279545233625045,-6.88170518182753,0.295993852772921
"Mus musculus",-2.15648698575541,4.29712299736513,0.528798777498973,-6.02576563629509,0.638373021737907
"Lycaon pictus",-2.80420975746874,5.23844012526352,0.0273213179893317,-6.78273489371758,0.539856953354842
"Oxyura jamaicensis",-2.52599022345408,5.30624707423041,0.0679300264275346,-7.35701100703807,0.24659765619478
"Lampropeltis triangulum",-2.69872421829205,5.63253840326054,0.0110348532749801,-5.12910687756832,0.217852946118708
"Trichoglossus haematodus",-3.00075612187079,5.33455924082333,0.0725686518136578,-2.97195973718771,0.196276822965424
"Panthera uncia",-2.63801670101085,5.0681091974666,0.0125612714337913,-9.06100753824294,0.441855613598872
"Sylvilagus transitionalis",-1.1986930297638,4.13363036927266,0.501300476718554,-6.45286184260006,0.65941461605799
"Saguinus oedipus",-2.33750646486767,4.00088584780893,0.0266242048602173,-4.98221969984564,0.213092479485798
"Gonocephalus chamaeleontinus",-2.40526995255295,4.7591558280791,0.144083317394636,-7.30037739156792,0.377867506602077
"Boa constrictor",-2.74026206989631,5.83326783501752,0.0072585900963051,-4.52217395250228,0.101494235184576
"Cynomys ludovicianus",-2.74382310064671,5.18968333637207,0.0994817303654508,-3.62227744144746,0.338046161012514
"Mandrillus sphinx",-2.67969902436558,5.59581963980228,0.00914442763038796,-5.84752227642574,0.148876536121404
"Taurotragus derbianus",-2.51196486834831,4.34393907534491,0.0780659659047165,-7.34494140347964,0.405279020285525
"Panthera tigris",-2.89701356384673,5.85615836012108,0.00850556332024664,-5.98916826203177,0.255929481595791
"Rousettus lanosus",-2.65017916505675,5.41281001892079,0.030428265962149,-7.65233240824825,0.677498788960658
"Dasyprocta punctata",-2.51518288937467,4.69370256463566,0.0828997629671115,-9.22676855252276,0.651453419476955
"Furcifer pardalis",-2.53956009558828,4.85485356710412,0.1090715193094,-3.72684268435675,0.601642322242562
"Petaurus breviceps",-2.5931470081334,5.21924670374133,0.0238562512508375,-4.85062214494916,0.431431707380832
"Crotalus horridus",-2.55631823451152,4.64624695714086,0.0360195449040746,-11.4882044903423,0.542501217138791
"Giraffa camelopardalis",-2.48942055942437,3.99683210769245,0.0211155013145408,-6.02076918221437,0.152070100521622
"Hydrochoerus hydrochaeris",-2.69620785090308,4.64921766176074,0.0963628148215641,-8.28753737371246,0.643119825279034
"Carollia perspicillata",-2.58511857351865,5.18512256712927,0.080107246665789,-6.3309309908887,0.274961479171347
"Ursus maritimus",-2.58968029388444,5.34235096092519,0.0151791566967741,-7.62589828819693,0.212541824306431
"Lampropeltis getula",-2.56229176678613,5.39820934639954,0.00660132873475925,-7.46001358530235,0.365336071331551
"Lama glama",-2.5441518636019,4.71420019468768,0.00979336234873205,-7.90815667044308,0.290975199082433
"Eudorcas thomsonii",-2.2236090077782,3.10018608814274,0.0392222046792359,-7.49381604009402,0.379124664395581
"Varecia variegata",-2.51185083084275,4.04744697222722,0.0137093785573663,-7.47628317307138,0.217030817897646
"Cebuella pygmaea",-2.59653645391823,4.94112377189028,0.112754197593987,-6.41828156962869,0.375821710231211
"Heterocephalus glaber",-2.39425906753883,4.31648650377188,0.14382850605765,-8.41693571661059,0.270217016321619
