"subset","x","y","n_species","intercept","slope","p_value","R2","lambda"
"All","abs_shape","NeoplasiaPrevalence",92,0.0722,0.501,2.56e-06,NA,1
"All","abs_shape","MalignancyPrevalence",92,0.0474,0.328,3.21e-05,NA,0
"Aves","abs_shape","NeoplasiaPrevalence",14,-0.0016,0.57,9.86e-06,NA,1
"Aves","abs_shape","MalignancyPrevalence",14,-0.0184,0.529,3.58e-07,NA,1
"Mammalia","abs_shape","NeoplasiaPrevalence",59,0.111,0.471,0.00382,NA,1
"Mammalia","abs_shape","MalignancyPrevalence",59,0.0916,0.152,0.202,NA,0
"Reptilia","abs_shape","NeoplasiaPrevalence",17,0.0883,0.304,0.391,NA,0
"Reptilia","abs_shape","MalignancyPrevalence",17,0.0738,0.236,0.43,NA,0
"All","a1","NeoplasiaPrevalence",71,0.157,0.000952,0.801,NA,0.281
"All","a1","MalignancyPrevalence",71,0.126,0.00476,0.039,NA,0
"Aves","a1","NeoplasiaPrevalence",13,0.145,0.00666,0.0702,NA,0
"Aves","a1","MalignancyPrevalence",13,0.123,0.00656,0.0359,NA,0
"Mammalia","a1","NeoplasiaPrevalence",46,0.211,-0.00703,0.304,NA,0
"Mammalia","a1","MalignancyPrevalence",46,0.132,-0.00333,0.533,NA,0.928
"Reptilia","a1","NeoplasiaPrevalence",11,0.104,-0.078,0.12,NA,0
"Reptilia","a1","MalignancyPrevalence",11,0.0887,-0.0828,0.072,NA,0
"All","b1","NeoplasiaPrevalence",71,0.155,0.001,0.802,NA,0.289
"All","b1","MalignancyPrevalence",71,0.117,0.000251,0.939,NA,0
"Aves","b1","NeoplasiaPrevalence",13,0.112,0.000664,0.862,NA,0
"Aves","b1","MalignancyPrevalence",13,0.086,0.000426,0.903,NA,0
"Mammalia","b1","NeoplasiaPrevalence",46,0.226,0.026,0.341,NA,0
"Mammalia","b1","MalignancyPrevalence",46,0.151,0.0362,0.0355,NA,0.919
"Reptilia","b1","NeoplasiaPrevalence",11,0.232,0.136,0.00448,NA,0
"Reptilia","b1","MalignancyPrevalence",11,0.212,0.13,0.0033,NA,0
"All","a2","NeoplasiaPrevalence",71,0.156,-0.00773,0.32,NA,0.293
"All","a2","MalignancyPrevalence",71,0.118,-0.00896,0.165,NA,1.11e-16
"Aves","a2","NeoplasiaPrevalence",13,0.12,-0.0926,0.0251,NA,0
"Aves","a2","MalignancyPrevalence",13,0.0943,-0.0911,0.01,NA,0
"Mammalia","a2","NeoplasiaPrevalence",46,0.219,-0.00616,0.463,NA,0
"Mammalia","a2","MalignancyPrevalence",46,0.135,-0.00612,0.342,NA,0.924
"Reptilia","a2","NeoplasiaPrevalence",11,0.108,0.0405,0.554,NA,0
"Reptilia","a2","MalignancyPrevalence",11,0.0913,0.0511,0.423,NA,0
"All","a3","NeoplasiaPrevalence",71,0.151,0.0185,0.0892,NA,0.215
"All","a3","MalignancyPrevalence",71,0.112,0.0103,0.257,NA,0
"Aves","a3","NeoplasiaPrevalence",13,0.125,-0.0928,0.58,NA,0
"Aves","a3","MalignancyPrevalence",13,0.0934,-0.0529,0.724,NA,0
"Mammalia","a3","NeoplasiaPrevalence",46,0.205,0.0149,0.198,NA,0
"Mammalia","a3","MalignancyPrevalence",46,0.129,0.00702,0.442,NA,0.933
"Reptilia","a3","NeoplasiaPrevalence",11,0.136,-5.1,0.45,NA,0
"Reptilia","a3","MalignancyPrevalence",11,0.121,-5.05,0.426,NA,0
"All","b3","NeoplasiaPrevalence",71,0.228,-0.0507,0.00361,NA,0
"All","b3","MalignancyPrevalence",71,0.137,-0.0196,0.115,NA,0
"Aves","b3","NeoplasiaPrevalence",13,0.0852,0.0178,0.485,NA,0
"Aves","b3","MalignancyPrevalence",13,0.0726,0.00897,0.692,NA,0
"Mammalia","b3","NeoplasiaPrevalence",46,0.278,-0.0873,0.00379,NA,0.228
"Mammalia","b3","MalignancyPrevalence",46,0.157,-0.039,0.0872,NA,0.927
"Reptilia","b3","NeoplasiaPrevalence",11,0.175,-0.0401,0.672,NA,0
"Reptilia","b3","MalignancyPrevalence",11,0.144,-0.0283,0.752,NA,0
