"","Species","a1","b1","a2","a3","b3","FLAG","Class","n","cancer_prevalence","neoplasia_prevalence","log_a1","log_a2","log_a3","log_b1","log_b3","HC_cluster","KM_cluster"
"Acinonyx_jubatus","Acinonyx_jubatus",-0.763512495026227,0.0308281677854771,0.787352998312413,2.39361099960817e-10,2.43444619844518,0,"Mammalia",212,0.160377358490566,0.466981132075472,NA,-0.239078594516773,-22.1530478257285,-3.47932646844862,0.889719296764126,1,2
"Addax_nasomaculatus","Addax_nasomaculatus",-0.21813962606026,0.20127051120191,0.25603933492219,1.5102440697302e-14,3.50732579685916,0,"Mammalia",76,0.105263157894737,0.236842105263158,NA,-1.36242419426604,-31.8239200285685,-1.60310544886115,1.25485386586206,1,2
"Ailurus_fulgens","Ailurus_fulgens",-1.27695982353216,-0.203946379904818,0.492965662149731,0.933360019676532,0.246431878840588,0,"Mammalia",147,0.0884353741496599,0.374149659863946,NA,-0.707315758177081,-0.0689642793851398,NA,-1.40066967727996,2,4
"Artibeus_jamaicensis","Artibeus_jamaicensis",3.00466381559685,-0.00841662305809573,-2.87335786220264,1.24232896787776e-15,3.76043751149168,1,"Mammalia",84,0.0595238095238095,0.142857142857143,1.10016568671933,NA,-34.3217885770043,NA,1.32453531007185,1,2
"Atelerix_albiventris","Atelerix_albiventris",0.0819631066528207,-0.090516671821896,-0.0542703661120504,0.0215186221093628,0.418696958778037,0,"Mammalia",1077,0.558960074280409,0.754874651810585,-2.50148605182979,NA,-3.83883657411379,NA,-0.870607869470314,2,4
"Bitis_nasicornis","Bitis_nasicornis",-33.350511694539,6.33800394431446,0.102216156211685,0.000128124804203724,0.983795224951249,0,"Reptilia",43,0.162790697674419,0.348837209302326,NA,-2.28066552944347,-8.96250573623883,1.84656388359647,-0.0163375083110172,3,3
"Boa_constrictor","Boa_constrictor",-57.131870811645,4.35422591469658,0.283051287683803,0.000369190516891505,0.808257227775254,10,"Reptilia",453,0.364238410596026,0.492273730684327,NA,-1.26212716919414,-7.90419774122476,1.47114684816739,-0.212874919917038,3,3
"Canis_lupus","Canis_lupus",-0.0558622348835733,-0.203686560498198,0.121680153051387,0.00739222615849125,0.57465873461293,0,"Mammalia",440,0.370454545454545,0.640909090909091,NA,-2.10635937321313,-4.90732635007678,NA,-0.5539789193996,2,4
"Capra_hircus","Capra_hircus",-0.160629629943774,-0.435546902458647,0.0132857574280279,0.184631994205019,0.435547095454222,0,"Mammalia",376,0.284574468085106,0.545212765957447,NA,-4.32106268761855,-1.68939065554405,NA,-0.831152347424531,2,4
"Capra_nubiana","Capra_nubiana",0.67482792609783,-0.182066687469606,1.39541591739607,-2.02924304326435,0.0717353024458666,0,"Mammalia",36,0.0833333333333333,0.166666666666667,-0.393297544907841,0.333192519506864,NA,NA,-2.63477228928584,2,4
"Carollia_perspicillata","Carollia_perspicillata",-0.00541641244632665,-1.09950480642125,0.25844199545978,0.00494399912845795,1.11164978546548,1,"Mammalia",40,0.15,0.35,NA,-1.35308399914964,-5.30958073510954,NA,0.105845205095854,2,4
"Cebuella_pygmaea","Cebuella_pygmaea",-0.00869781634464628,-1.13062319649441,0.230729219604357,0.00833099682830574,1.13641326670463,0,"Mammalia",139,0.0287769784172662,0.115107913669065,NA,-1.46651046554023,-4.78777216269935,NA,0.12787704525625,2,4
"Chinchilla_brevicaudata","Chinchilla_brevicaudata",-0.414591519953038,-0.577806861333652,0.12018699247429,0.418928459133658,0.577844440146347,0,"Mammalia",146,0.0616438356164384,0.123287671232877,NA,-2.11870647842487,-0.870055115562504,NA,-0.548450581227902,2,4
"Colobus_guereza","Colobus_guereza",0.0357175840294403,-1.09029181046783,0.180833263016309,-0.036148068087271,1.08882643747049,1,"Mammalia",154,0.0649350649350649,0.201298701298701,-3.33211216161514,-1.71017987108561,NA,NA,0.0851004533521147,2,4
"Corallus_caninus","Corallus_caninus",-0.0189823053269321,-1.30697811591679,0.181935329780315,0.0189529294003343,1.30718581767099,0,"Reptilia",96,0.0625,0.114583333333333,NA,-1.7041039859277,-3.96579677363123,NA,0.267876595669845,2,4
"Crotalus_horridus","Crotalus_horridus",2.13936823780292,0.00272195572014138,-2.0426396640794,4.00550551109071e-08,1.95552850621112,0,"Reptilia",76,0.210526315789474,0.236842105263158,0.760510569469,NA,-17.0330109513994,-5.90640464228364,0.670660492561093,2,2
"Crotalus_lepidus","Crotalus_lepidus",-0.000145289892834716,-1.20991519022913,0.253070522047805,7.34069194691392e-05,1.29750766953321,0,"Reptilia",60,0.0666666666666667,0.1,NA,-1.37408708582435,-9.51949235609029,NA,0.260445247048692,2,4
"Crotalus_polystictus","Crotalus_polystictus",-0.0592217487645251,-0.233439141422475,0.180273632577071,0.0115481004143742,0.523857416549837,0,"Reptilia",44,0,0.0227272727272727,NA,-1.71327940141362,-4.46123432182834,NA,-0.646535737509522,2,4
"Cynomys_ludovicianus","Cynomys_ludovicianus",0.000462752039200107,-0.800147423139461,0.253603538331103,7.27767113722807e-05,0.798171249507178,0,"Mammalia",191,0.403141361256544,0.6282722513089,-7.67831919982106,-1.37198310410669,-9.52811455267256,NA,-0.225432106175345,2,4
"Dasyprocta_punctata","Dasyprocta_punctata",-0.298014257558668,-0.219658764307053,0.0977570805749029,0.0638308376273933,0.442563634621124,0,"Mammalia",59,0.288135593220339,0.440677966101695,NA,-2.32526964719111,-2.75151885701485,NA,-0.815171017820008,2,4
"Dendrocygna_autumnalis","Dendrocygna_autumnalis",-0.105081818767775,-0.1891856198393,-0.495595050680252,0.59344673028564,0.136228106240102,0,"Aves",230,0.0782608695652174,0.143478260869565,NA,NA,-0.521807824165978,NA,-1.99342454649655,2,4
"Didelphis_marsupialis","Didelphis_marsupialis",-0.439553230789583,0.657143330530583,0.0550748270755838,0.231878128022668,0.0835310198250351,0,"Mammalia",416,0.4375,0.701923076923077,NA,-2.89906252609741,-1.46154335558671,-0.419853125187898,-2.48253722120188,2,4
"Eidolon_helvum","Eidolon_helvum",-1.3206791501375,-0.873485970790866,0.152038458001862,1.31862486446777,0.873738957758891,0,"Mammalia",126,0.0238095238095238,0.0634920634920635,NA,-1.88362177696815,0.276589424236829,NA,-0.134973623272039,2,4
"Eos_bornea","Eos_bornea",-0.0117335275189498,-0.84107582094502,0.332616649566551,0.00839539961669023,0.881317870190725,0,"Aves",101,0.0495049504950495,0.158415841584158,NA,-1.10076465464713,-4.78007138783568,NA,-0.126336912001962,2,4
"Erpeton_tentaculatum","Erpeton_tentaculatum",-0.00107360514173305,-1.71128585477041,0.349891594279649,0.00107001321842498,1.71167179552149,0,"Reptilia",63,0.0158730158730159,0.0158730158730159,NA,-1.05013190310469,-6.84008427691642,NA,0.537470551117754,2,4
"Eublepharis_macularius","Eublepharis_macularius",5.35187650978224e-12,-2.77910282530848,-1.29038223511308,1.22677713181221,0.0485048808675144,1,"Reptilia",208,0.0913461538461538,0.1875,-25.9535738670269,NA,0.204390512565969,NA,-3.02609084965861,2,4
"Eudocimus_ruber","Eudocimus_ruber",-0.30116627905249,0.436719573320084,0.376017119255023,4.33581382751175e-14,3.3651002853339,0,"Aves",110,0.0181818181818182,0.0545454545454545,NA,-0.978120606695126,-30.7692819751606,-0.828463998519361,1.21345776512925,1,2
"Eudorcas_thomsonii","Eudorcas_thomsonii",-0.0106606657846404,-0.785729653182163,0.104486326741452,0.0114023616971152,0.785671607417047,0,"Mammalia",93,0.247311827956989,0.419354838709677,NA,-2.25869906071758,-4.47393477862407,NA,-0.241216376125005,2,4
"Furcifer_pardalis","Furcifer_pardalis",-0.73432190182495,0.119723087564937,0.736990985673889,1.19517021124022e-09,2.20848117415406,0,"Reptilia",91,0.164835164835165,0.263736263736264,NA,-0.305179617974943,-20.5449772255217,-2.12257380644599,0.792305027750083,1,2
"Gallus_gallus","Gallus_gallus",1.64485251416039,-0.0332544684509145,-1.53337279914301,2.11264375502691e-15,3.62492635096011,0,"Aves",741,0.46693657219973,0.562753036437247,0.497650723152548,NA,-33.7908362672599,NA,1.28783397112372,1,2
"Giraffa_camelopardalis","Giraffa_camelopardalis",-0.0747070691194546,-0.0972020429122784,0.112794440521797,0.0494388566357517,0.339328412533599,0,"Mammalia",74,0.121621621621622,0.202702702702703,NA,-2.18218822728706,-3.00701859239964,NA,-1.08078687201939,2,4
"Gonocephalus_chamaeleontinus","Gonocephalus_chamaeleontinus",-0.0105083284758259,-0.855985921412068,0.119551156467678,0.0101669111677812,0.863576044666892,0,"Reptilia",299,0.210702341137124,0.431438127090301,NA,-2.12401091161829,-4.5886168350361,NA,-0.146673319648295,2,4
"Gopherus_agassizii","Gopherus_agassizii",0.00186917412041128,-1.46684441095896,0.251722274465427,-0.00188992002335789,1.46553737369411,0,"Reptilia",67,0.0895522388059701,0.119402985074627,-6.28225859250922,-1.37942888466811,NA,NA,0.382221983193759,2,4
"Gorilla_gorilla","Gorilla_gorilla",0.209369372761616,-0.270667380073461,0.205316128465288,-0.381168596875325,0.159786394532938,0,"Mammalia",168,0.0892857142857143,0.321428571428571,-1.56365525312641,-1.58320439756908,NA,NA,-1.83391738986951,2,4
"Heloderma_suspectum","Heloderma_suspectum",-0.00429592411125132,-0.948938155220595,0.201509014629057,0.00349339143279883,0.97560210093743,0,"Reptilia",72,0.277777777777778,0.375,NA,-1.60192116098291,-5.65688225736927,NA,-0.0247004591602898,2,4
"Heterocephalus_glaber","Heterocephalus_glaber",1.40132821197636,0.0410443941748945,-1.06789870639349,0.00549050203771339,0.587818467963329,0,"Mammalia",90,0.0555555555555556,0.1,0.337420509708393,NA,-5.20473558179218,-3.1931010133129,-0.531337106703317,2,4
"Hydrochoerus_hydrochaeris","Hydrochoerus_hydrochaeris",-0.00740535903234193,-1.18092581397096,0.141088127951714,0.00731021867167826,1.18294071444949,0,"Mammalia",186,0.39247311827957,0.612903225806452,NA,-1.95837056291406,-4.91848209162159,NA,0.168003469158468,2,4
"Lama_glama","Lama_glama",0.0184425913426131,-0.403376163901879,0.00100182616280427,2.87424792525865e-11,2.5628835652478,1,"Mammalia",145,0.413793103448276,0.641379310344828,-3.9930925423856,-6.90593078158593,-24.2726449741205,NA,0.941133017262137,1,2
"Lampropeltis_getula","Lampropeltis_getula",-2.03917412262654,0.125574353570433,1.25898192976741,3.32528587202605e-09,2.06545727400616,0,"Reptilia",144,0.479166666666667,0.618055555555556,NA,0.23030340211362,-19.5217101899852,-2.07485723711613,0.725351642095422,1,2
"Lampropeltis_triangulum","Lampropeltis_triangulum",-0.951177445648764,0.38339756249229,0.473645291247524,0.00049566058434644,0.779906429667666,0,"Reptilia",115,0.330434782608696,0.495652173913044,NA,-0.747296568127674,-7.60961917123654,-0.958682806000897,-0.248581328459043,2,4
"Larosterna_inca","Larosterna_inca",-0.0197397596198535,-1.1585322063434,0.206183512870883,0.0196421572046116,1.15921322662393,0,"Aves",55,0.0181818181818182,0.0363636363636364,NA,-1.57898866757523,-3.93007714478548,NA,0.147741522090302,2,4
"Lemur_catta","Lemur_catta",-2.19686748450139,0.0161825767234294,2.24723514001639,0.00757082051060202,0.492670492917655,0,"Mammalia",290,0.241379310344828,0.472413793103448,NA,0.809700633930382,-4.88345382763083,-4.12382012642009,-0.707914699762945,2,4
"Leontopithecus_chrysomelas","Leontopithecus_chrysomelas",-0.231980043598865,0.219575100494371,-6.68347846782643,6.9907878602342,0.00599182803320771,0,"Mammalia",247,0.109311740890688,0.287449392712551,NA,NA,1.944593262374,-1.51606096150232,-5.11735873257697,4,1
"Leucopsar_rothschildi","Leucopsar_rothschildi",-0.00448306334679275,-1.18914407576367,0.133416247893231,0.00435521506581315,1.19345896434729,0,"Aves",81,0.123456790123457,0.160493827160494,NA,-2.01428135461734,-5.43638128624301,NA,0.176855783589224,2,4
"Litocranius_walleri","Litocranius_walleri",1.40377860478703,-0.0242982204078857,-1.26476599889943,2.4461985472218e-15,3.66434555729331,1,"Mammalia",142,0.028169014084507,0.112676056338028,0.339167604271289,NA,-33.6442411887316,NA,1.29864975385318,1,2
"Lontra_canadensis","Lontra_canadensis",0.0663858187179133,-0.215774597095194,-0.00951236288485899,6.54296250047994e-09,2.20528439126238,1,"Mammalia",169,0.183431952662722,0.301775147928994,-2.71227181883522,NA,-18.8448757923178,NA,0.790856476211367,1,2
"Lycaon_pictus","Lycaon_pictus",-0.852267864172146,-0.14239306409799,0.525556808092564,0.395989175780246,0.243421858651616,0,"Mammalia",214,0.453271028037383,0.705607476635514,NA,-0.643296991572411,-0.926368401989502,NA,-1.41295929699009,2,4
"Macropus_eugenii","Macropus_eugenii",-0.396365535521739,0.637190627179864,0.35664292232129,2.89077456675504e-15,3.66930192502877,0,"Mammalia",56,0.0892857142857143,0.107142857142857,NA,-1.03102021534133,-33.477251912518,-0.45068641043945,1.30000143281022,1,2
"Mandrillus_sphinx","Mandrillus_sphinx",-5.46037308051679,0.940467112519747,0.396384650408342,1.02917568673593e-11,3.03260230165663,1,"Mammalia",121,0.132231404958678,0.396694214876033,NA,-0.925370199757518,-25.2996778452472,-0.0613785989335264,1.1094210963558,1,2
"Megascops_asio","Megascops_asio",-0.32562718645708,-0.0799811588167057,0.163927667963453,0.223050191516847,0.19059577045084,0,"Aves",57,0.140350877192982,0.210526315789474,NA,-1.80832999745199,-1.50035845878081,NA,-1.65760047871738,2,4
"Meleagris_gallopavo","Meleagris_gallopavo",-2.13232626981872,32.3631283643184,0.325318166321652,2.62668456938781e-07,1.62166518059788,0,"Aves",120,0.175,0.216666666666667,NA,-1.12295160223685,-15.1523732200231,3.47701976132233,0.48345351058581,3,3
"Melopsittacus_undulatus","Melopsittacus_undulatus",-0.321671646920284,-0.147619690815275,0.267254857317405,0.171284999914057,0.25964080798343,0,"Aves",994,0.437625754527163,0.621730382293763,NA,-1.31955255406009,-1.76442644366217,NA,-1.3484561108843,2,4
"Morelia_viridis","Morelia_viridis",3.71168285711251e-05,-1.47432038016389,0.235870531587344,-3.88406751386174e-05,1.46528122287615,0,"Reptilia",122,0.139344262295082,0.147540983606557,-10.2014400908965,-1.44447221945869,NA,NA,0.382047185054487,2,4
"Mus_musculus","Mus_musculus",-8.9406133928802,0.880154644649335,0.213721471368428,9.0486299232469,-0.828772926883816,0,"Mammalia",198,0.439393939393939,0.792929292929293,NA,-1.54308164735502,2.20261335655478,-0.127657654392979,NA,4,1
"Mustela_nigripes","Mustela_nigripes",-49.433186268519,22.3578443051744,-2.13066108552577,1.0757552225972,0.121708983215213,10,"Mammalia",172,0.191860465116279,0.366279069767442,NA,NA,0.0730229475676399,3.10717723510506,-2.10612246729035,3,3
"Mustela_putorius","Mustela_putorius",-4.92224157306366,1.13209971572977,-2.08543832039592,2.78972168286007,-0.010470894186644,0,"Mammalia",7322,0.500546298825458,0.853591914777383,NA,NA,1.0259418356101,0.124074064001964,NA,2,4
"Nanger_dama","Nanger_dama",-0.0627910187889094,-0.590195008608116,0.100456683886335,0.0668972896716473,0.590564642076526,0,"Mammalia",134,0.0373134328358209,0.149253731343284,NA,-2.29802865049895,-2.70459682579797,NA,-0.526676179265807,2,4
"Neophema_splendida","Neophema_splendida",-0.147720891818386,-1.18035945673659,0.28295774021929,0.14701507245953,1.18096132474032,0,"Aves",49,0.0408163265306122,0.102040816326531,NA,-1.26245772033644,-1.91722016372133,NA,0.166328788787656,2,4
"Notamacropus_rufogriseus","Notamacropus_rufogriseus",-0.00188474942640275,-0.949961407094977,0.431061823279211,0.000322189228563212,1.1525151244873,0,"Mammalia",91,0.0549450549450549,0.0989010989010989,NA,-0.841503757682048,-8.04037151868273,NA,0.141946619001947,2,4
"Nymphicus_hollandicus","Nymphicus_hollandicus",-0.335844234397121,-1.0133858620436,0.291865720957374,0.334555555223364,1.01383813926057,0,"Aves",1303,0.3960092095165,0.591711435149655,NA,-1.23146144221679,-1.09495232882956,NA,0.0137432664516373,2,4
"Oryctolagus_cuniculus","Oryctolagus_cuniculus",0.424650245205704,-0.09384858656477,-0.363355863583929,2.51716490698881e-14,3.36926468293842,1,"Mammalia",2825,0.463362831858407,0.753982300884956,-0.856489401326156,NA,-31.3130580706316,NA,1.21469452558252,1,2
"Osphranter_robustus","Osphranter_robustus",-1.57498017269927,0.0465599115793371,1.62586214879025,3.02020590809228e-14,3.35941123930983,1,"Mammalia",90,0.2,0.255555555555556,NA,0.486038228189855,-31.1308662913666,-3.06701537462998,1.21176573222529,1,2
"Osphranter_rufus","Osphranter_rufus",2.33033864410227,-0.00929336687893158,-2.16632231941674,1.94484991568487e-05,1.21705401954008,0,"Mammalia",202,0.103960396039604,0.168316831683168,0.846013597833081,NA,-10.8477406550494,NA,0.196433200481333,2,4
"Ovis_aries","Ovis_aries",2.23650256655329,0.097450448419701,-4.73497718370303,2.54099175330856,0.0711216193636233,0,"Mammalia",195,0.256410256410256,0.441025641025641,0.804913291465913,NA,0.932554458881583,-2.32841125150297,-2.64336391858094,2,4
"Ovis_canadensis","Ovis_canadensis",-0.145105516754665,-0.0707351655821447,0.250214220142981,0.0258693623047786,0.408575393528357,0,"Mammalia",68,0.0441176470588235,0.132352941176471,NA,-1.38543784746054,-3.65469593307725,NA,-0.895078819830605,2,4
"Oxyura_jamaicensis","Oxyura_jamaicensis",-0.117271174766218,-1.04476230279402,0.1998764246335,0.116843438110046,1.04522766830934,0,"Aves",128,0.03125,0.0859375,NA,-1.61005598023116,-2.14692037609917,NA,0.0442347260986182,2,4
"Pan_troglodytes","Pan_troglodytes",-4.66892174022515,-0.0525644896706744,2.9503479122307,1.77588369426116,0.126466340801558,0,"Mammalia",247,0.0850202429149798,0.445344129554656,NA,1.08192309974717,0.574298154960016,NA,-2.06777908684038,2,4
"Panthera_leo","Panthera_leo",-0.0323660882051213,0.0207253749479352,0.0488100497462858,0.012210418336571,0.481713462563425,0,"Mammalia",345,0.460869565217391,0.747826086956522,NA,-3.01981904990135,-4.40546572964702,-3.87639648654734,-0.730405817711952,2,4
"Panthera_onca","Panthera_onca",1.78095868553602e-08,-1.57553591967931,-0.285697633810752,0.176719281849331,0.217598042966183,0,"Mammalia",112,0.428571428571429,0.633928571428571,-17.8435289372547,NA,-1.73319278365552,NA,-1.52510575776238,2,4
"Panthera_pardus","Panthera_pardus",-0.00373280096750649,-0.867241354794639,0.0266203716578219,0.00428563028263974,0.869175798100468,0,"Mammalia",206,0.480582524271845,0.796116504854369,NA,-3.62607850451151,-5.45248764728479,NA,-0.140209874866402,2,4
"Panthera_tigris","Panthera_tigris",-2.87011611834182,-0.00657216414453804,-0.44574785037818,2.97499492199658,0.0455802438103135,0,"Mammalia",360,0.369444444444444,0.586111111111111,NA,NA,1.09024233210423,NA,-3.08828090611542,2,4
"Panthera_uncia","Panthera_uncia",-0.0252333888792294,-0.538726306151057,0.0328005416466848,0.0231715270741362,0.581333114710467,0,"Mammalia",215,0.330232558139535,0.665116279069767,NA,-3.41731025010995,-3.76483103532354,NA,-0.542431339252838,2,4
"Pantherophis_guttatus","Pantherophis_guttatus",4.11694290380723,-0.0112046077200954,-4.07972322069739,7.18058409888105e-15,3.54657065040805,1,"Reptilia",211,0.270142180094787,0.421800947867299,1.41511087429404,NA,-32.5673956643403,NA,1.26598112262556,1,2
"Petaurus_breviceps","Petaurus_breviceps",-0.317544747615163,-0.184987424178244,-0.167278263776596,0.460579108181699,0.198946269061424,0,"Mammalia",220,0.336363636363636,0.577272727272727,NA,NA,-0.775270650458165,NA,-1.61472049543194,2,4
"Phacochoerus_africanus","Phacochoerus_africanus",-0.942650611722528,-0.0455377861481297,-0.200335728009768,0.788987595526753,0.132095851487531,0,"Mammalia",78,0.333333333333333,0.615384615384615,NA,NA,-0.23700468002569,NA,-2.02422747228059,2,4
"Phoenicopterus_chilensis","Phoenicopterus_chilensis",-1.83578424663607,0.356975739889763,0.740453983189871,7.70602650425635e-14,3.23102701377639,0,"Aves",246,0.0609756097560976,0.105691056910569,NA,-0.300491790095347,-30.1941886162875,-1.03008745500244,1.17280004761719,1,2
"Phoenicopterus_ruber","Phoenicopterus_ruber",-4.85837099069403,1.33156055534348,0.37592693514415,1.01914905676308e-13,3.26882473427719,1,"Aves",264,0.0757575757575758,0.121212121212121,NA,-0.978360475900229,-29.9146381878888,0.286351604278998,1.18443051182853,1,2
"Phyllomedusa_bicolor","Phyllomedusa_bicolor",-0.00401097417070667,-0.775862716090768,0.265115387922444,0.000939510269294976,0.972562275504627,0,"Amphibia",41,0.121951219512195,0.195121951219512,NA,-1.32759012164393,-6.97015180857446,NA,-0.0278211690311713,2,4
"Pipa_pipa","Pipa_pipa",-0.231503517274995,0.576367694509912,0.268531966784535,4.91481284187584e-09,2.30035889366233,0,"Amphibia",55,0.0363636363636364,0.0727272727272727,NA,-1.31478531519429,-19.1310121630396,-0.551009463426227,0.83306515148477,1,2
"Platalea_ajaja","Platalea_ajaja",-10.3443228914765,1.39731798687448,0.384280944343976,3.07784531514971e-12,2.88711535852468,0,"Aves",130,0.0384615384615385,0.184615384615385,NA,-0.956381368006397,-26.5067913367618,0.334554675614614,1.06025785780584,1,2
"Procavia_capensis","Procavia_capensis",-0.0839661381545512,-1.09692495836325,0.242583183840776,0.0838225992181864,1.09716567960547,0,"Mammalia",83,0.108433734939759,0.192771084337349,NA,-1.41641060127709,-2.47905262744337,NA,0.0927301996116536,2,4
"Pteropus_rodricensis","Pteropus_rodricensis",-0.777603565537849,-0.0220891409064739,0.836928713754762,0.0108424044110474,0.513513889612835,0,"Mammalia",66,0.0454545454545455,0.0909090909090909,NA,-0.178016380871503,-4.52429049842944,NA,-0.66647820107411,2,4
"Pusa_hispida","Pusa_hispida",-0.0174271187577165,-0.982858110176779,0.202773339204541,0.017061415510879,0.985929158454158,0,"Mammalia",53,0.113207547169811,0.150943396226415,NA,-1.59566647939565,-4.07093576785893,NA,-0.0141707743702263,2,4
"Rattus_norvegicus","Rattus_norvegicus",3.54579352684547e-10,-2.40761502775736,-0.290290006621826,0.817274017589924,-0.0911672713263897,0,"Mammalia",1308,0.319571865443425,0.796636085626911,-21.7600889510436,NA,-0.201780845507505,NA,NA,2,4
"Rousettus_aegyptiacus","Rousettus_aegyptiacus",-0.336757088404386,0.489626637591827,0.35586036956345,1.44440430330651e-07,1.68695819921006,0,"Mammalia",99,0.191919191919192,0.262626262626263,NA,-1.03321684539601,-15.7503986612377,-0.714112142417968,0.522927025076682,2,4
"Rousettus_lanosus","Rousettus_lanosus",-0.158414517674269,-0.755812617014621,0.0536175095955118,0.158885220494636,0.756203769146918,0,"Mammalia",34,0.147058823529412,0.264705882352941,NA,-2.92587959269286,-1.83957322112693,NA,-0.279444403212259,2,4
"Saguinus_oedipus","Saguinus_oedipus",-4.89841633078859,0.0121188700511689,4.93823748719961,4.51290104454009e-12,2.81235531641349,0,"Mammalia",182,0.153846153846154,0.291208791208791,NA,1.5970084835696,-26.1240809220823,-4.41299153278874,1.03402232315432,1,2
"Saimiri_sciureus","Saimiri_sciureus",-16.7122072190523,-0.0297533543691921,11.8061723237032,5.07272456439935,0.0869615965008427,0,"Mammalia",166,0.0783132530120482,0.331325301204819,NA,2.46862247299379,1.62387806268898,NA,-2.44228867731238,4,1
"Sceloporus_cyanogenys","Sceloporus_cyanogenys",0.0528830277731735,11.817234779229,0.0874561361217778,0.0263094220525885,0.385467356142843,0,"Reptilia",35,0.0285714285714286,0.228571428571429,-2.93967282764265,-2.43661791277755,-3.63782815100555,2.46955904038107,-0.953298768830539,2,4
"Spheniscus_humboldti","Spheniscus_humboldti",-19.3517819939882,2.19816326067506,0.338387441675415,4.02665121804056e-07,1.58314669183784,0,"Aves",299,0.117056856187291,0.147157190635452,NA,-1.08356376282695,-14.7251605837065,0.787622130145266,0.459414443590927,3,4
"Suricata_suricatta","Suricata_suricatta",-0.87070371208687,-0.091543326831757,0.662557394152989,0.296735764972632,0.240631438984135,0,"Mammalia",234,0.239316239316239,0.41025641025641,NA,-0.411648092190397,-1.21491321640661,NA,-1.42448881488353,2,4
"Sylvilagus_transitionalis","Sylvilagus_transitionalis",2.59771047449488,0.0147366767906545,-2.24370065847026,2.02770931700634e-05,1.25078877523912,0,"Mammalia",101,0.0594059405940594,0.148514851485149,0.95463047035044,NA,-10.8060187243242,-4.21741587281926,0.223774372495978,2,4
"Taurotragus_derbianus","Taurotragus_derbianus",0.0448306698380115,-0.158120321141815,0.0956736197474156,3.64666014331061e-13,3.40357747507263,1,"Mammalia",34,0.0294117647058824,0.0588235294117647,-3.10486277919071,-2.34681267424514,-28.639794489453,NA,1.22482707699999,1,2
"Tragelaphus_strepsiceros","Tragelaphus_strepsiceros",-0.0709865425983751,-0.844705052981061,0.107097042561181,0.071214691496438,0.845017695805832,0,"Mammalia",144,0.0138888888888889,0.152777777777778,NA,-2.23401991571754,-2.64205614060753,NA,-0.16839771006219,2,4
"Trichoglossus_haematodus","Trichoglossus_haematodus",-0.528248397465043,-1.19783371603507,0.327493457613659,0.528118995952876,1.1978636949094,0,"Aves",167,0.0359281437125748,0.161676646706587,NA,-1.11628720085855,-0.638433649545261,NA,0.180539716015966,2,4
"Trichoglossus_moluccanus","Trichoglossus_moluccanus",0.288674342172333,0.141689670526893,0.109398880961868,1.23218752293578e-07,1.74412344283126,0,"Aves",156,0.0192307692307692,0.0897435897435897,-1.24245606992976,-2.21275461791432,-15.9093045872546,-1.95411603171823,0.556252104421845,2,4
"Ursus_maritimus","Ursus_maritimus",-0.036952985260333,2.77671373917011,0.0792978523529699,0.00162903186488844,0.697932363197849,0,"Mammalia",105,0.247619047619048,0.523809523809524,NA,-2.53454423326835,-6.41976938854161,1.02126812024934,-0.359633081777637,2,4
"Varecia_variegata","Varecia_variegata",0.0983010861254805,-0.420305484857587,0.0944197867322602,-0.117573040417676,0.369680618375803,0,"Mammalia",161,0.192546583850932,0.484472049689441,-2.31972020280073,-2.36000462258016,NA,NA,-0.995115839688883,2,4
"Vicugna_pacos","Vicugna_pacos",-0.0687046510391854,-0.664569347389901,0.0949916903782694,0.0705501983735482,0.665187157948827,0,"Mammalia",316,0.427215189873418,0.984177215189873,NA,-2.35396586090972,-2.65143078887227,NA,-0.407686837398686,2,4
"Zalophus_californianus","Zalophus_californianus",-0.21574978256735,-1.00186869761468,0.0937481402390371,0.215986032184149,1.00186883653398,0,"Mammalia",296,0.195945945945946,0.29054054054054,NA,-2.36714345177865,-1.53254153920302,NA,0.00186709243160568,2,4
