"Species","shape_type","surv_type"
"Pipa pipa",0.063,"Type II (constant mortality)"
"Neophema splendida",0.044,"Type II (constant mortality)"
"Bitis nasicornis",0.137,"Trending toward Type I"
"Eos bornea",0.011,"Type II (constant mortality)"
"Suricata suricatta",0.213,"Trending toward Type I"
"Tragelaphus strepsiceros",0.279,"Trending toward Type I"
"Morelia viridis",0.193,"Trending toward Type I"
"Oryctolagus cuniculus",0.182,"Trending toward Type I"
"Saimiri sciureus",0.193,"Trending toward Type I"
"Colobus guereza",0.243,"Trending toward Type I"
"Mustela putorius",0.153,"Trending toward Type I"
"Acinonyx jubatus",0.348,"Type I (late mortality, senescence)"
"Corallus caninus",0.183,"Trending toward Type I"
"Pusa hispida",0.083,"Type II (constant mortality)"
"Sceloporus cyanogenys",0.109,"Trending toward Type I"
"Ovis aries",0.253,"Trending toward Type I"
"Panthera leo",0.307,"Type I (late mortality, senescence)"
"Panthera pardus",0.322,"Type I (late mortality, senescence)"
"Crotalus lepidus",0.018,"Type II (constant mortality)"
"Zalophus californianus",0.26,"Trending toward Type I"
"Gonocephalus chamaeleontinus",0.153,"Trending toward Type I"
"Eidolon helvum",0.209,"Trending toward Type I"
"Erpeton tentaculatum",0.157,"Trending toward Type I"
"Phoenicopterus ruber",0.232,"Trending toward Type I"
"Eublepharis macularius",0.232,"Trending toward Type I"
"Trichoglossus moluccanus",-0.047,"Type II (constant mortality)"
"Vicugna pacos",0.167,"Trending toward Type I"
"Pan troglodytes",0.216,"Trending toward Type I"
"Gallus gallus",0.158,"Trending toward Type I"
"Didelphis marsupialis",0.317,"Type I (late mortality, senescence)"
"Litocranius walleri",0.131,"Trending toward Type I"
"Meleagris gallopavo",0.195,"Trending toward Type I"
"Eudocimus ruber",0.146,"Trending toward Type I"
"Panthera onca",0.242,"Trending toward Type I"
"Gopherus agassizii",0.061,"Type II (constant mortality)"
"Varecia variegata",0.271,"Trending toward Type I"
"Canis lupus",0.317,"Type I (late mortality, senescence)"
"Atelerix albiventris",0.23,"Trending toward Type I"
"Megascops asio",0.23,"Trending toward Type I"
"Pantherophis guttatus",0.184,"Trending toward Type I"
"Leucopsar rothschildi",0.277,"Trending toward Type I"
"Melopsittacus undulatus",0.208,"Trending toward Type I"
"Phacochoerus africanus",0.225,"Trending toward Type I"
"Rousettus aegyptiacus",0.103,"Trending toward Type I"
"Osphranter rufus",0.168,"Trending toward Type I"
"Procavia capensis",0.152,"Trending toward Type I"
"Dendrocygna autumnalis",0.246,"Trending toward Type I"
"Nanger dama",0.251,"Trending toward Type I"
"Artibeus jamaicensis",0.169,"Trending toward Type I"
"Chinchilla brevicaudata",0.13,"Trending toward Type I"
"Spheniscus humboldti",0.207,"Trending toward Type I"
"Gorilla gorilla",0.278,"Trending toward Type I"
"Capra nubiana",0.259,"Trending toward Type I"
"Crotalus polystictus",-0.067,"Type II (constant mortality)"
"Lemur catta",0.19,"Trending toward Type I"
"Addax nasomaculatus",0.214,"Trending toward Type I"
"Platalea ajaja",0.197,"Trending toward Type I"
"Ovis canadensis",0.137,"Trending toward Type I"
"Mustela nigripes",0.276,"Trending toward Type I"
"Ailurus fulgens",0.203,"Trending toward Type I"
"Leontopithecus chrysomelas",0.212,"Trending toward Type I"
"Osphranter robustus",0.137,"Trending toward Type I"
"Rattus norvegicus",0.138,"Trending toward Type I"
"Capra hircus",0.279,"Trending toward Type I"
"Phoenicopterus chilensis",0.305,"Type I (late mortality, senescence)"
"Lontra canadensis",0.251,"Trending toward Type I"
"Mus musculus",-0.203,"Trending toward Type III"
"Lycaon pictus",0.284,"Trending toward Type I"
"Oxyura jamaicensis",0.147,"Trending toward Type I"
"Lampropeltis triangulum",0.271,"Trending toward Type I"
"Notamacropus rufogriseus",0.133,"Trending toward Type I"
"Trichoglossus haematodus",0.08,"Type II (constant mortality)"
"Panthera uncia",0.361,"Type I (late mortality, senescence)"
"Sylvilagus transitionalis",-0.036,"Type II (constant mortality)"
"Macropus eugenii",0.189,"Trending toward Type I"
"Saguinus oedipus",0.181,"Trending toward Type I"
"Phyllomedusa bicolor",0.026,"Type II (constant mortality)"
"Boa constrictor",0.054,"Type II (constant mortality)"
"Cynomys ludovicianus",0.049,"Type II (constant mortality)"
"Pteropus rodricensis",0.207,"Trending toward Type I"
"Mandrillus sphinx",0.206,"Trending toward Type I"
"Taurotragus derbianus",0.154,"Trending toward Type I"
"Panthera tigris",0.22,"Trending toward Type I"
"Rousettus lanosus",0.304,"Type I (late mortality, senescence)"
"Dasyprocta punctata",0.13,"Trending toward Type I"
"Furcifer pardalis",0.173,"Trending toward Type I"
"Petaurus breviceps",0.179,"Trending toward Type I"
"Crotalus horridus",0.258,"Trending toward Type I"
"Larosterna inca",0.09,"Type II (constant mortality)"
"Giraffa camelopardalis",0.151,"Trending toward Type I"
"Hydrochoerus hydrochaeris",0.207,"Trending toward Type I"
"Heloderma suspectum",0.153,"Trending toward Type I"
"Carollia perspicillata",0.062,"Type II (constant mortality)"
"Nymphicus hollandicus",-0.031,"Type II (constant mortality)"
"Ursus maritimus",0.283,"Trending toward Type I"
"Lampropeltis getula",0.307,"Type I (late mortality, senescence)"
"Lama glama",0.301,"Type I (late mortality, senescence)"
"Eudorcas thomsonii",0.244,"Trending toward Type I"
"Cebuella pygmaea",0.141,"Trending toward Type I"
"Heterocephalus glaber",0.012,"Type II (constant mortality)"
