Species,hemangiosarcoma_count,total_count,proportion,Gestation
Lycaon pictus,13,93,0.13978494623655913,2.366863905325443
Camelus dromedarius,1,14,0.07142857142857142,13.31360946745562
Bassariscus sumichrasti,1,16,0.0625,2.10387902695595
Trimeresurus trigonocephalus,1,17,0.058823529411764705,0.17094017094017094
Echinops telfairi,1,18,0.05555555555555555,1.8080210387902695
Tiliqua scincoides,2,37,0.05405405405405406,0.0230111768573307
Lonchura oryzivora,1,19,0.05263157894736842,0.46022353714661407
Tenrec ecaudatus,1,19,0.05263157894736842,1.9066403681788295
Varanus komodoensis,1,19,0.05263157894736842,1.610782380013149
Pecari tajacu,1,20,0.05,4.766600920447074
Thamnophis sirtalis,1,21,0.047619047619047616,3.2873109796186717
Canis lupus,7,184,0.03804347826086957,2.0381328073635765
Athene cunicularia,1,27,0.037037037037037035,0.920447074293228
Canis latrans,1,29,0.034482758620689655,2.0710059171597632
Brachylagus idahoensis,1,40,0.025,0.8875739644970414
Atelerix albiventris,9,367,0.02452316076294278,1.1505588428665352
Tragelaphus eurycerus,1,46,0.021739130434782608,9.467455621301774
Sus scrofa,1,49,0.02040816326530612,3.780407626561472
Leucopsar rothschildi,1,51,0.0196078431372549,0.4273504273504274
Panthera pardus,1,58,0.017241379310344827,3.1886916502301115
Lampropeltis getula,1,61,0.01639344262295082,2.0052596975673898
Mus musculus,1,76,0.013157894736842105,0.6245890861275476
Mustela putorius,8,774,0.0103359173126615,1.3806706114398422
Pantherophis guttatus,1,106,0.009433962264150943,1.692965154503616
Cynomys ludovicianus,1,117,0.008547008547008548,0.9861932938856016
Leontopithecus chrysomelas,1,125,0.008,4.352287968441814
Capra hircus,2,260,0.007692307692307693,5.095332018408941
Panthera leo,1,130,0.007692307692307693,3.5831689677843523
Panthera tigris,1,137,0.0072992700729927005,3.4516765285996054
Rattus norvegicus,2,420,0.004761904761904762,0.6903353057199211
Oryctolagus cuniculus,2,430,0.004651162790697674,0.9861932938856016
Cryptoprocta ferox,1,NA,NA,2.9585798816568047
Equus zebra,1,NA,NA,11.900065746219592
Glossophaga soricina,1,NA,NA,3.484549638395792
Lophocebus aterrimus,4,NA,NA,5.973140039447731
Papio hamadryas,1,NA,NA,5.621301775147929
