Species,lymphoma_count,total_count,proportion,Gestation
Mustela putorius,110,774,0.1421188630490956,1.3806706114398422
Mus musculus,10,76,0.13157894736842105,0.6245890861275476
Vicugna pacos,5,73,0.0684931506849315,11.341222879684418
Panthera tigris,7,137,0.051094890510948905,3.4516765285996054
Panthera leo,6,130,0.046153846153846156,3.5831689677843523
Chinchilla brevicaudata,4,90,0.044444444444444446,4.27
Hydrochoerus hydrochaeris,3,77,0.03896103896103896,4.930966469428007
Puma concolor,4,118,0.03389830508474576,3.0243261012491782
Rattus norvegicus,14,420,0.03333333333333333,0.6903353057199211
Atelerix albiventris,12,367,0.0326975476839237,1.1505588428665352
Canis lupus,6,184,0.03260869565217391,2.0381328073635765
Varecia variegata,3,92,0.03260869565217391,3.221564760026298
Colobus guereza,2,65,0.03076923076923077,5.752794214332676
Saguinus oedipus,3,100,0.03,5.851413543721236
Procyon lotor,2,73,0.0273972602739726,2.0710059171597632
Lontra canadensis,2,90,0.022222222222222223,2.0381328073635765
Zalophus californianus,2,103,0.019417475728155338,8.51413543721236
Cynomys ludovicianus,2,117,0.017094017094017096,0.9861932938856016
Lama glama,1,62,0.016129032258064516,10.848126232741617
Osphranter robustus,1,64,0.015625,1.051939513477975
Eudorcas thomsonii,1,66,0.015151515151515152,5.588428665351742
Chrysocyon brachyurus,1,67,0.014925373134328358,2.10387902695595
Procavia capensis,1,67,0.014925373134328358,7.0677186061801445
Petaurus breviceps,1,73,0.0136986301369863,0.5259697567389875
Acinonyx jubatus,1,76,0.013157894736842105,2.8928336620644313
Suricata suricatta,2,160,0.0125,2.531229454306377
Didelphis marsupialis,3,254,0.011811023622047244,0.3944773175542406
Rousettus aegyptiacus,1,85,0.011764705882352941,3.813280736357659
Oryctolagus cuniculus,5,430,0.011627906976744186,0.9861932938856016
Capra hircus,3,260,0.011538461538461539,5.095332018408941
Pan troglodytes,1,88,0.011363636363636364,7.527942143326758
Panthera uncia,1,90,0.011111111111111112,3.1558185404339247
Lycaon pictus,1,93,0.010752688172043012,2.366863905325443
Antilope cervicapra,1,104,0.009615384615384616,5.522682445759369
Heterocephalus glaber,1,125,0.008,2.3011176857330704
Mustela nigripes,1,139,0.007194244604316547,1.413543721236029
Ovis aries,1,148,0.006756756756756757,4.79947403024326
Alouatta caraya,5,NA,NA,6.147271531886916
Ateles paniscus,1,NA,NA,7.527942143326758
Babyrousa babyrussa,1,NA,NA,5.0295857988165675
Bassariscus sumichrasti,3,NA,NA,2.10387902695595
Callimico goeldii,1,NA,NA,5.0295857988165675
Callithrix jacchus,1,NA,NA,4.733727810650887
Camelus bactrianus,1,NA,NA,12.984878369493751
Cavia porcellus,1,NA,NA,2.235371466140697
Cebus apella,1,NA,NA,5.09500328731098
Chinchilla chinchilla,2,NA,NA,3.648915187376726
Connochaetes taurinus,2,NA,NA,8.31689677843524
Damaliscus pygargus,1,NA,NA,7.988165680473372
Dasyprocta punctata,1,NA,NA,3.681788297172913
Dasyurus maculatus,1,NA,NA,0.6903353057199211
Eidolon helvum,1,NA,NA,9.040105193951348
Erethizon dorsatum,2,NA,NA,6.935897435897436
Erythrocebus patas,1,NA,NA,5.489809335963182
Eumetopias jubatus,1,NA,NA,9.00723208415516
Felis catus,2,NA,NA,2.1367521367521367
Gazella spekei,1,NA,NA,6.476002629848783
Helarctos malayanus,2,NA,NA,3.122945430637738
Hemitragus jemlahicus,1,NA,NA,6.01577909270217
Hylobates lar,2,NA,NA,7.133464825772518
Lynx canadensis,1,NA,NA,2.0710059171597632
Mandrillus sphinx,2,NA,NA,5.687047994740302
Mastomys natalensis,1,NA,NA,0.777120315581854
Myocastor coypus,1,NA,NA,4.30637738330046
Nasua nasua,1,NA,NA,2.39973701512163
Neofelis nebulosa,3,NA,NA,2.925706771860618
Octodon degus,2,NA,NA,2.9585798816568047
Oreamnos americanus,1,NA,NA,6.0486522024983564
Oreotragus oreotragus,1,NA,NA,6.443129520052596
Oryx dammah,1,NA,NA,8.11965811965812
Otocolobus manul,1,NA,NA,2.37
Panthera onca,1,NA,NA,3.254437869822485
Panthera pardus,1,NA,NA,3.1886916502301115
Phascolarctos cinereus,3,NA,NA,1.0190664036817882
Pongo abelii,2,NA,NA,8.527942143326758
Pusa hispida,2,NA,NA,8.251150558842866
Saguinus imperator,2,NA,NA,4.766600920447074
Sus scrofa,1,NA,NA,3.780407626561472
Sylvilagus transitionalis,1,NA,NA,0.920447074293228
Symphalangus syndactylus,4,NA,NA,7.593688362919131
Tragulus javanicus,1,NA,NA,4.733727810650887
Tupaia belangeri,1,NA,NA,1.5121630506245891
Ursus arctos,1,NA,NA,3.385930309007232
Ursus maritimus,1,NA,NA,2.1367521367521367
Vulpes zerda,4,NA,NA,1.6765285996055226
