Species,lymphoma_count,total_count,proportion
Mustela putorius,110,774,0.1421188630490956
Mus musculus,10,76,0.13157894736842105
Vicugna pacos,5,73,0.0684931506849315
Panthera tigris,7,137,0.051094890510948905
Panthera leo,6,130,0.046153846153846156
Cavia fulgida,14,306,0.0457516339869281
Chinchilla brevicaudata,4,90,0.044444444444444446
Hydrochoerus hydrochaeris,3,77,0.03896103896103896
Puma concolor,4,118,0.03389830508474576
Rattus norvegicus,14,420,0.03333333333333333
Atelerix albiventris,12,367,0.0326975476839237
Canis lupus,6,184,0.03260869565217391
Varecia variegata,3,92,0.03260869565217391
Colobus guereza,2,65,0.03076923076923077
Saguinus oedipus,3,100,0.03
Procyon lotor,2,73,0.0273972602739726
Lontra canadensis,2,90,0.022222222222222223
Zalophus californianus,2,103,0.019417475728155338
Cynomys ludovicianus,2,117,0.017094017094017096
Lama glama,1,62,0.016129032258064516
Osphranter robustus,1,64,0.015625
Eudorcas thomsonii,1,66,0.015151515151515152
Chrysocyon brachyurus,1,67,0.014925373134328358
Procavia capensis,1,67,0.014925373134328358
Petaurus breviceps,1,73,0.0136986301369863
Acinonyx jubatus,1,76,0.013157894736842105
Suricata suricatta,2,160,0.0125
Didelphis marsupialis,3,254,0.011811023622047244
Rousettus aegyptiacus,1,85,0.011764705882352941
Oryctolagus cuniculus,5,430,0.011627906976744186
Capra hircus,3,260,0.011538461538461539
Pan troglodytes,1,88,0.011363636363636364
Panthera uncia,1,90,0.011111111111111112
Lycaon pictus,1,93,0.010752688172043012
Antilope cervicapra,1,104,0.009615384615384616
Heterocephalus glaber,1,125,0.008
Mustela nigripes,1,139,0.007194244604316547
Ovis aries,1,148,0.006756756756756757
Alouatta caraya,5,NA,NA
Anathana ellioti,1,NA,NA
Ateles paniscus,1,NA,NA
Babyrousa babyrussa,1,NA,NA
Bassariscus sumichrasti,3,NA,NA
Callimico goeldii,1,NA,NA
Callithrix jacchus,1,NA,NA
Camelus bactrianus,1,NA,NA
Cavia porcellus,1,NA,NA
Cebus apella,1,NA,NA
Cercopithecus petaurista,2,NA,NA
Chinchilla chinchilla,2,NA,NA
Connochaetes taurinus,2,NA,NA
Cricetulus longicaudatus,2,NA,NA
Damaliscus pygargus,1,NA,NA
Dasyprocta punctata,1,NA,NA
Dasyurus maculatus,1,NA,NA
Eidolon helvum,1,NA,NA
Erethizon dorsatum,2,NA,NA
Erythrocebus patas,1,NA,NA
Eumetopias jubatus,1,NA,NA
Felis catus,2,NA,NA
Gazella spekei,1,NA,NA
Helarctos malayanus,2,NA,NA
Hemitragus jemlahicus,1,NA,NA
Hylobates lar,2,NA,NA
Lynx canadensis,1,NA,NA
Mandrillus sphinx,2,NA,NA
Mastomys natalensis,1,NA,NA
Myocastor coypus,1,NA,NA
Nasua nasua,1,NA,NA
Neofelis nebulosa,3,NA,NA
Octodon degus,2,NA,NA
Oreamnos americanus,1,NA,NA
Oreotragus oreotragus,1,NA,NA
Oryx dammah,1,NA,NA
Otocolobus manul,1,NA,NA
Panthera onca,1,NA,NA
Panthera pardus,1,NA,NA
Pekania pennanti,1,NA,NA
Phascolarctos cinereus,3,NA,NA
Pongo abelii,2,NA,NA
Pusa hispida,2,NA,NA
Rousettus lanosus,1,NA,NA
Saguinus imperator,2,NA,NA
Sus scrofa,1,NA,NA
Sylvilagus transitionalis,1,NA,NA
Symphalangus syndactylus,4,NA,NA
Tragulus javanicus,1,NA,NA
Tupaia belangeri,1,NA,NA
Ursus arctos,1,NA,NA
Ursus maritimus,1,NA,NA
Vulpes zerda,4,NA,NA
