Species,melanoma_count,total_count,proportion,Gestation
Saimiri sciureus,4,102,0.0392156862745098,5.2925706771860614
Anas platyrhynchos,2,59,0.03389830508474576,0.8547008547008547
Procavia capensis,2,67,0.029850746268656716,7.0677186061801445
Morelia viridis,2,69,0.028985507246376812,1.824457593688363
Crotalus horridus,1,37,0.02702702702702703,4.437869822485207
Boa constrictor,2,82,0.024390243902439025,4.10913872452334
Morelia spilota,1,43,0.023255813953488372,2.0710059171597632
Rhinoceros unicornis,1,43,0.023255813953488372,15.746219592373436
Cavia porcellus,1,46,0.021739130434782608,2.235371466140697
Varecia variegata,2,92,0.021739130434782608,3.221564760026298
Mantella aurantiaca,1,47,0.02127659574468085,0.46022353714661407
Sus scrofa,1,49,0.02040816326530612,3.780407626561472
Leucopsar rothschildi,1,51,0.0196078431372549,0.4273504273504274
Antilope cervicapra,2,104,0.019230769230769232,5.522682445759369
Petaurus breviceps,1,73,0.0136986301369863,0.5259697567389875
Aepyceros melampus,1,74,0.013513513513513514,6.50887573964497
Panthera uncia,1,90,0.011111111111111112,3.1558185404339247
Canis lupus,2,184,0.010869565217391304,2.0381328073635765
Panthera leo,1,130,0.007692307692307693,3.5831689677843523
Panthera tigris,1,137,0.0072992700729927005,3.4516765285996054
Lemur catta,1,145,0.006896551724137931,4.437869822485207
Ovis aries,1,148,0.006756756756756757,4.79947403024326
Chloebia gouldiae,1,176,0.005681818181818182,0.4273504273504274
Melopsittacus undulatus,2,422,0.004739336492890996,0.5917159763313609
Oryctolagus cuniculus,2,430,0.004651162790697674,0.9861932938856016
Didelphis marsupialis,1,254,0.003937007874015748,0.3944773175542406
Capra hircus,1,260,0.0038461538461538464,5.095332018408941
Atelerix albiventris,1,367,0.0027247956403269754,1.1505588428665352
Agkistrodon contortrix,1,NA,NA,3.533859303090072
Arctictis binturong,1,NA,NA,3.0243261012491782
Callosciurus prevostii,1,NA,NA,1.5779092702169624
Canis latrans,1,NA,NA,2.0710059171597632
Dama dama,1,NA,NA,7.659434582511505
Diceros bicornis,1,NA,NA,15.581854043392504
Equus zebra,1,NA,NA,11.900065746219592
Falco rusticolus,1,NA,NA,1.1505588428665352
Halichoerus grypus,1,NA,NA,7.889546351084812
Helarctos malayanus,1,NA,NA,3.122945430637738
Hemidactylus frenatus,3,NA,NA,1.9066403681788295
Leopardus pardalis,1,NA,NA,2.531229454306377
Oreamnos americanus,1,NA,NA,6.0486522024983564
Otocyon megalotis,1,NA,NA,2.235371466140697
Sistrurus catenatus,2,NA,NA,3.5023011176857333
Tapirus terrestris,2,NA,NA,13.083497698882312
Thamnophis sirtalis,1,NA,NA,3.2873109796186717
Tropidolaemus wagleri,1,NA,NA,12.6232741617357
Uromastyx aegyptia,1,NA,NA,0.5029585798816568
Varanus komodoensis,2,NA,NA,1.610782380013149
Varanus salvadorii,1,NA,NA,3.5023011176857333
