Species,melanoma_count,total_count,proportion
Spheniscus humboldti,6,87,0.06896551724137931
Chamaeleo calyptratus,2,38,0.05263157894736842
Asarcornis scutulata,2,40,0.05
Gonocephalus chamaeleontinus,3,68,0.04411764705882353
Saimiri sciureus,4,102,0.0392156862745098
Anas platyrhynchos,2,59,0.03389830508474576
Procavia capensis,2,67,0.029850746268656716
Morelia viridis,2,69,0.028985507246376812
Crotalus horridus,1,37,0.02702702702702703
Varanus beccarii,1,37,0.02702702702702703
Boa constrictor,2,82,0.024390243902439025
Morelia spilota,1,43,0.023255813953488372
Rhinoceros unicornis,1,43,0.023255813953488372
Phyllomedusa bicolor,1,44,0.022727272727272728
Uroplatus sikorae,1,45,0.022222222222222223
Cavia porcellus,1,46,0.021739130434782608
Varecia variegata,2,92,0.021739130434782608
Mantella aurantiaca,1,47,0.02127659574468085
Sus scrofa,1,49,0.02040816326530612
Leucopsar rothschildi,1,51,0.0196078431372549
Antilope cervicapra,2,104,0.019230769230769232
Pipa pipa,1,58,0.017241379310344827
Petaurus breviceps,1,73,0.0136986301369863
Aepyceros melampus,1,74,0.013513513513513514
Lampropeltis triangulum,1,78,0.01282051282051282
Panthera uncia,1,90,0.011111111111111112
Canis lupus,2,184,0.010869565217391304
Panthera leo,1,130,0.007692307692307693
Panthera tigris,1,137,0.0072992700729927005
Lemur catta,1,145,0.006896551724137931
Ovis aries,1,148,0.006756756756756757
Psittacus erithacus,1,169,0.005917159763313609
Chloebia gouldiae,1,176,0.005681818181818182
Melopsittacus undulatus,2,422,0.004739336492890996
Oryctolagus cuniculus,2,430,0.004651162790697674
Didelphis marsupialis,1,254,0.003937007874015748
Capra hircus,1,260,0.0038461538461538464
Atelerix albiventris,1,367,0.0027247956403269754
Gallus gallus,1,414,0.0024154589371980675
Acrantophis dumerili,1,NA,NA
Agkistrodon contortrix,1,NA,NA
Ambystoma talpoideum,1,NA,NA
Anaxyrus hemiophrys,4,NA,NA
Aneides lugubris,2,NA,NA
Anolis equestris,1,NA,NA
Arctictis binturong,1,NA,NA
Aulacorhynchus haematopygus,1,NA,NA
Bothrops asper,1,NA,NA
Callosciurus prevostii,1,NA,NA
Canis latrans,1,NA,NA
Ceratophrys ornata,1,NA,NA
Chiloscyllium plagiosum,1,NA,NA
Cornufer guentheri,1,NA,NA
Dama dama,1,NA,NA
Diceros bicornis,1,NA,NA
Drymobius margaritiferus,1,NA,NA
Equus zebra,1,NA,NA
Eudyptes chrysocome,2,NA,NA
Falco rusticolus,1,NA,NA
Ginglymostoma cirratum,1,NA,NA
Halichoerus grypus,1,NA,NA
Helarctos malayanus,1,NA,NA
Heloderma horridum,1,NA,NA
Hemidactylus frenatus,3,NA,NA
Lampropeltis mexicana,1,NA,NA
Leopardus pardalis,1,NA,NA
Naja nivea,1,NA,NA
Nerodia clarkii,2,NA,NA
Oreamnos americanus,1,NA,NA
Otocyon megalotis,1,NA,NA
Rhinolophus ruwenzorii,1,NA,NA
Sistrurus catenatus,2,NA,NA
Tapirus terrestris,2,NA,NA
Testudo horsfieldii,1,NA,NA
Thamnophis sirtalis,1,NA,NA
Theloderma corticale,1,NA,NA
Tropidolaemus wagleri,1,NA,NA
Trygonorrhina fasciata,1,NA,NA
Uromastyx aegyptia,1,NA,NA
Varanus komodoensis,2,NA,NA
Varanus salvadorii,1,NA,NA
