,,,
Curve Type,Scientific Name,Common Name,Class
Type I,Athene cunicularia,BURROWING OWL,Aves
Type I,Bombycilla cedrorum,CEDAR WAXWING,Aves
Type I,Bubo virginianus,GREAT HORNED OWL,Aves
Type I,Callipepla gambelii,GAMBEL'S QUAIL,Aves
Type I,Colinus virginianus,BOBWHITE QUAIL,Aves
Type I,Crax globulosa,WATTLE CURASSOW,Aves
Type I,Leucocarbo atriceps,BLUE EYED SHAG,Aves
Type I,Turdus grayi,CLAY COLORED ROBIN,Aves
Type I,Vanellus spinosus,SPUR WINGED PLOVER,Aves
Type I,Zosterops japonicus,JAPANESE WHITE-EYE,Aves
Type I,Ramphastos toco,Toco Toucan,Aves
Trending toward Type I,Alopochen aegyptiaca,EGYPTIAN GOOSE,Aves
Trending toward Type I,Amazona amazonica,ORANGE WINGED AMAZON PARROT,Aves
Trending toward Type I,Amazona autumnalis,RED LORED AMAZON PARROT,Aves
Trending toward Type I,Anthropoides virgo,DEMOISULLE CRANE,Aves
Trending toward Type I,Ara macao,SCARLET MACAW,Aves
Trending toward Type I,Ara rubrogenys,RED-FRONTED MACAW,Aves
Trending toward Type I,Aratinga auricapillus,GOLDEN CONURE,Aves
Trending toward Type I,Ardea alba,GREAT EGRET,Aves
Trending toward Type I,Ardea goliath,GOLIATH HERON,Aves
Trending toward Type I,Ardeotis kori,KORI BUSTARD,Aves
Trending toward Type I,Branta hutchinsii,CANADA GOOSE,Aves
Trending toward Type I,Bubulcus ibis,CATTLE EGRET,Aves
Trending toward Type I,Buceros bicornis,HORNBILL,Aves
Trending toward Type I,Buteo jamaicensis,RED TAILED HAWK,Aves
Trending toward Type I,Charadrius vociferus,KILLDEER,Aves
Trending toward Type I,Chen canagica,EMPEROR GOOSE,Aves
Trending toward Type I,Chrysolophus pictus,GOLDEN PHEASANT,Aves
Trending toward Type I,Coracias caudatus,LILAC BREASTED ROLLER,Aves
Trending toward Type I,Cyanocorax yncas,GREEN JAY,Aves
Trending toward Type I,Cygnus buccinator,TRUMPETER SWAN,Aves
Trending toward Type I,Cygnus melancoryphus,BLACK SWAN,Aves
Trending toward Type I,Dendrocygna autumnalis,RED BILLED WHISTLING DUCK,Aves
Trending toward Type I,Egretta thula,SNOWY EGRET,Aves
Trending toward Type I,Eudocimus ruber,SCARLET IBIS,Aves
Trending toward Type I,Falco sparverius,AMERICAN KESTREL,Aves
Trending toward Type I,Grus canadensis,SANDHILL CRANE,Aves
Trending toward Type I,Grus japonensis,RED-CROWNED CRANE,Aves
Trending toward Type I,Himantopus mexicanus,BLACK NECK STILT,Aves
Trending toward Type I,Lophodytes cucullatus,HOODED MERGANSER,Aves
Trending toward Type I,Megascops asio,SCREECH OWL,Aves
Trending toward Type I,Meleagris gallopavo,DOMESTIC TURKEY,Aves
Trending toward Type I,Myiopsitta monachus,MONK PARAKEET,Aves
Trending toward Type I,Netta rufina,RED CRESTED POCHARD,Aves
Trending toward Type I,Oxyura jamaicensis,NORTH AMERICAN RUDDY DUCK,Aves
Trending toward Type I,Patagioenas leucocephala,CROWNED PIGEON,Aves
Trending toward Type I,Phoenicopterus chilensis,CHILEAN FLAMINGO,Aves
Trending toward Type I,Phoenicopterus ruber,AMERICAN FLAMINGO,Aves
Trending toward Type I,Platalea ajaja,ROSEATE SPOONBILL,Aves
Trending toward Type I,Platalea alba,AFRICAN SPOONBILL,Aves
Trending toward Type I,Polyplectron napoleonis,PALAWAN PEACOCK,Aves
Trending toward Type I,Porphyrio martinicus,GALLINULE,Aves
Trending toward Type I,Pseudeos fuscata,DUSKY LORIKEET,Aves
Trending toward Type I,Recurvirostra americana,AMERICAN AVOCET,Aves
Trending toward Type I,Rhynchopsitta pachyrhyncha,THICKED BILLED PARROT,Aves
Trending toward Type I,Spheniscus humboldti,HUMBOLDT PENGUIN,Aves
Trending toward Type I,Streptopelia risoria,RINGED TURTLE DOVE,Aves
Trending toward Type I,Strix varia,BARRED OWL,Aves
Trending toward Type I,Tauraco leucotis,WHITE-CHEEKED TURACO,Aves
Trending toward Type I,Vini australis,BLUE-CROWNED LORY,Aves
Trending toward Type I,Vultur gryphus,ANDEAN CONDOR,Aves
Type II,Agapornis fischeri,LOVEBIRD,Aves
Type II,Amazona albifrons,WHITE-FRONTED AMAZON PARROT,Aves
Type II,Amazona auropalliata,YELLOW NAPED AMAZON,Aves
Type II,Anas bahamensis,BAHAMAS PINTAIL,Aves
Type II,Anas cyanoptera,CINNAMON TEAL DUCK,Aves
Type II,Anodorhynchus hyacinthinus,HYACINTH MACAW,Aves
Type II,Ara ambiguus,BUFFON'S MACAW,Aves
Type II,Balearica regulorum,EAST AFRICAN GRAY CROWNED CRANE,Aves
Type II,Bostrychia hagedash,HADADA IBIS,Aves
Type II,Brotogeris pyrrhoptera,GRAY CHEEKED PARAKEET,Aves
Type II,Bucephala clangula,AMERICAN COMMON GOLDENEYE,Aves
Type II,Butorides striata,GREEN HERON,Aves
Type II,Cacatua haematuropygia,RED VENTED COCKATOO,Aves
Type II,Chroicocephalus cirrocephalus,GRAY GULL,Aves
Type II,Ciconia abdimii,WHITE-BELLIED STORK,Aves
Type II,Crax rubra,GREAT CURASSOW,Aves
Type II,Deroptyus accipitrinus,HAWK HEADED PARROT,Aves
Type II,Eclectus roratus,ECLECTUS PARROT,Aves
Type II,Eos bornea,BLUE STREAK LORY,Aves
Type II,Eurypyga helias,SUN BITTERN,Aves
Type II,Falco rusticolus,GYRFALCON,Aves
Type II,Forpus coelestis,PARROTLET,Aves
Type II,Neopsephotus bourkii,BOURKE'S PARROT,Aves
Type II,Netta peposaca,ROSY BILLED POCHARD,Aves
Type II,Ocyphaps lophotes,CRESTED PIGEON,Aves
Type II,Parabuteo unicinctus,HARRIS HAWK,Aves
Type II,Pica hudsonia,BLACK-BILLED MAGPIE,Aves
Type II,Pionites melanocephalus,BLACK-HEADED CAIQUE,Aves
Type II,Sarcoramphus papa,KING VULTURE,Aves
Type II,Somateria fischeri,SPECKLED EIDER,Aves
Type II,Tadorna tadornoides,AUSTRALIAN SHELDUCK,Aves
Type II,Trichoglossus capistratus,EDWARD'S LORIKEET,Aves
Type II,Trichoglossus moluccanus,AUSTRALIAN LORIKEET,Aves
Type II,Tyto alba,COMMON BARN OWL,Aves
Trending toward Type III,Aratinga nenday,NANDAY CONURE,Aves
Trending toward Type III,Buteo lineatus,RED-SHOULDERED HAWK,Aves
Trending toward Type III,Charmosyna papou,STELLA'S LORY,Aves
Trending toward Type III,Copsychus saularis,MAGPIE ROBIN,Aves
Trending toward Type III,Melopsittacus undulatus,BUDGERIGAR,Aves
Trending toward Type III,Thraupis episcopus,BLUE-GRAY TANAGER,Aves
Type III,Anas undulata,YELLOW BILLED DUCK,Aves
Type III,Falco femoralis,NORTHERN APLOMADO FALCON,Aves
Type III,Halcyon smyrnensis,WHITE-BREASTED KINGFISHER,Aves
Type III,Leiothrix argentauris,SILVER EARED SESIA,Aves
Type III,Leucophaeus atricilla,LAUGHING GULL,Aves
Type III,Leucosarcia melanoleuca,WONGA PIGEON,Aves
Type III,Pycnonotus goiavier,YELLOW-VENTED BULBUL,Aves
Type III,Cyanoliseus patagonus,Patagonian Conure,Aves
Type I,Ailurus fulgens,RED PANDA,Mammalia
Type I,Didelphis marsupialis,OPOSSUM,Mammalia
Type I,Allochrocebus lhoesti,L'HOEST'S GUENON,Mammalia
Type I,Bison bonasus,PRAIRIE BISON,Mammalia
Type I,Capromys pilorides,DESMAREST'S HUTIA,Mammalia
Type I,Cercopithecus diana,DIANA MONKEY,Mammalia
Type I,Chrysocyon brachyurus,MANED WOLF,Mammalia
Type I,Erythrocebus patas,PATAS MONKEY,Mammalia
Type I,Felis nigripes,BLACK FOOTED CAT,Mammalia
Type I,Naemorhedus griseus,CHINESE GORAL,Mammalia
Type I,Oryx leucoryx,ARABIAN ORYX,Mammalia
Type I,Proteles cristata,AARDWOLF,Mammalia
Type I,Tenrec ecaudatus,TENREC,Mammalia
Type I,Trachypithecus delacouri,BLACK LEMUR,Mammalia
Type I,Panthera uncia,SNOW LEOPARD,Mammalia
Trending toward Type I,Aepyprymnus rufescens,BETTONG,Mammalia
Trending toward Type I,Allenopithecus nigroviridis,ALLEN'S SWAMP MONKEY,Mammalia
Trending toward Type I,Alouatta caraya,BLACK HOWLER MONKEY,Mammalia
Trending toward Type I,Aonyx capensis,CAPE CLAWLESS OTTER,Mammalia
Trending toward Type I,Aonyx cinerea,ORIENTAL SMALL-CLAWED OTTER,Mammalia
Trending toward Type I,Artibeus jamaicensis,JAMAICAN FRUIT BAT,Mammalia
Trending toward Type I,Ateles geoffroyi,MEXICAN SPIDER MONKEY,Mammalia
Trending toward Type I,Ateles paniscus,SPIDER MONKEY,Mammalia
Trending toward Type I,Brachylagus idahoensis,PYGMY RABBIT,Mammalia
Trending toward Type I,Capra falconeri,MARKHOR,Mammalia
Trending toward Type I,Cavia porcellus,GUINEA PIT,Mammalia
Trending toward Type I,Cebuella pygmaea,PYGMY MARMOSET,Mammalia
Trending toward Type I,Cephalophus silvicultor,YELLOW-BACKED DUIKER,Mammalia
Trending toward Type I,Cercopithecus neglectus,DEBRAZZA GUENON,Mammalia
Trending toward Type I,Cervus nippon,SIKA DEER,Mammalia
Trending toward Type I,Chinchilla brevicaudata,CHINCHILLA,Mammalia
Trending toward Type I,Colobus guereza,COLOBUS,Mammalia
Trending toward Type I,Connochaetes taurinus,EASTERN WHITE BEARDED WILDEBEEST,Mammalia
Trending toward Type I,Cricetulus longicaudatus,HAMSTER,Mammalia
Trending toward Type I,Damaliscus korrigum,TOPI ANTELOPE,Mammalia
Trending toward Type I,Dasyprocta punctata,BRAZILIAN AGOUTI,Mammalia
Trending toward Type I,Dasyuroides byrnei,KOWARI,Mammalia
Trending toward Type I,Dendrolagus goodfellowi,GOODFELLOW'S TREE KANGAROO,Mammalia
Trending toward Type I,Elephantulus brachyrhynchus,GIANT ELEPHANT SHREW,Mammalia
Trending toward Type I,Erethizon dorsatum,NORTH AMERICAN PORCUPINE,Mammalia
Trending toward Type I,Felis silvestris,ARABIAN WILD CAT,Mammalia
Trending toward Type I,Gazella spekei,SPEKE'S GAZELLE,Mammalia
Trending toward Type I,Gulo gulo,WOLVERINE,Mammalia
Trending toward Type I,Halichoerus grypus,GRAY SEAL,Mammalia
Trending toward Type I,Hexaprotodon liberiensis,PYGMY HIPPOPOTAMUS,Mammalia
Trending toward Type I,Hylobates lar,LAR GIBBON,Mammalia
Trending toward Type I,Leontopithecus chrysomelas,GOLDEN LION TAMARIN,Mammalia
Trending toward Type I,Lophocebus aterrimus,BLACK MANGABEY,Mammalia
Trending toward Type I,Macropus eugenii,DAMA WALLABY,Mammalia
Trending toward Type I,Madoqua guentheri,DIK DIK,Mammalia
Trending toward Type I,Muntiacus muntjak,INDIAN MUNTJAC,Mammalia
Trending toward Type I,Mustela putorius,SABLE FERRET,Mammalia
Trending toward Type I,Neofelis nebulosa,CLOUDED LEOPARD,Mammalia
Trending toward Type I,Orycteropus afer,AARDVARK,Mammalia
Trending toward Type I,Otolemur garnettii,GRATER GALAGO,Mammalia
Trending toward Type I,Panthera leo,ASIAN LION,Mammalia
Trending toward Type I,Papio anubis,OLIVE BABOON,Mammalia
Trending toward Type I,Pteropus poliocephalus,GRAY HEADED FLYING FOX,Mammalia
Trending toward Type I,Rattus norvegicus,HOODED RAT,Mammalia
Trending toward Type I,Rousettus aegyptiacus,BIG FRUIT BAT,Mammalia
Trending toward Type I,Saguinus imperator,EMPEROR TAMARIN,Mammalia
Trending toward Type I,Saimiri sciureus,SQUIRREL MONKEY,Mammalia
Trending toward Type I,Semnopithecus entellus,GRAY LANGUR,Mammalia
Trending toward Type I,Sotalia fluviatilis,DOLPHIN,Mammalia
Trending toward Type I,Speothos venaticus,BUSH DOG,Mammalia
Trending toward Type I,Symphalangus syndactylus,SIAMANG,Mammalia
Trending toward Type I,Tapirus indicus,MALAYAN TAPIR,Mammalia
Trending toward Type I,Tapirus terrestris,HIPPOPOTAMUS,Mammalia
Trending toward Type I,Trachypithecus francoisi,FRANCOIS LANGUR,Mammalia
Trending toward Type I,Tragelaphus eurycerus,BONGO ANTELOPE,Mammalia
Trending toward Type I,Tragulus javanicus,CHEVROTAIN,Mammalia
Type II,Acomys cahirinus,CAIRO SPINY MOUSE,Mammalia
Type II,Antilocapra americana,PRONGHORN ANTELOPE,Mammalia
Type II,Bos taurus,ANKOLE COW,Mammalia
Type II,Callosciurus prevostii,PREVOST'S SQUIRREL,Mammalia
Type II,Carollia perspicillata,SEBA'S BAT,Mammalia
Type II,Cephalophus monticola,BLUE DUIKER,Mammalia
Type II,Cephalophus niger,BLACK DUIKER,Mammalia
Type II,Cercopithecus ascanius,SCHMIDT'S GUENON,Mammalia
Type II,Chinchilla lanigera,LONG-TAILED CHINCHILLA,Mammalia
Type II,Choloepus didactylus,TWO TOED SLOTH,Mammalia
Type II,Coendou rothschildi,PREHENSILE-TAILED PORCUPINE,Mammalia
Type II,Helogale hirtula,DWARF MONGOOSE,Mammalia
Type II,Lagothrix lagotricha,BROWN WOOLY MONKEY,Mammalia
Type II,Notamacropus rufogriseus,BENNETT'S WALLABY,Mammalia
Type II,Oreamnos americanus,ROCKY MOUNTAIN GOAT,Mammalia
Type II,Pteropus hypomelanus,ISLAND FLYING FOX,Mammalia
Type II,Rhinoceros unicornis,INDIAN RHINOCEROS,Mammalia
Type II,Semnopithecus hypoleucos,LANGUR,Mammalia
Type II,Sylvilagus audubonii,COTTONTAIL RABBIT,Mammalia
Type II,Tapirus bairdii,BAIRD'S TAPIR,Mammalia
Type II,Tursiops truncatus,BOTTLENOSE DOLPHIN,Mammalia
Type II,Urocyon littoralis,ISLAND GRAY FOX,Mammalia
Type II,Wallabia bicolor,WALLABY,Mammalia
Type II,Sus barbatus,Bearded Pig,Mammalia
Trending toward Type III,Crateromys heaneyi,PANAY CLOUDRUNNER,Mammalia
Trending toward Type III,Miopithecus talapoin,TALAPOIN MONKEY 1783,Mammalia
Trending toward Type III,Mus musculus,HOUSE MOUSE,Mammalia
Trending toward Type III,Tolypeutes tricinctus,3 BANDED ARMADILLO,Mammalia
Type III,Catagonus wagneri,CHACOAN PECCARY,Mammalia
Type III,Mesocricetus auratus,SYRIAN HAMSTER,Mammalia
Type I,Apalone ferox,FLORIDA SOFT SHELLED TURTLE,Reptilia
Type I,Aspidelaps scutatus,AFRICAN SHIELD-NOSED COBRA,Reptilia
Type I,Candoia bibroni,SOLOMON ISLAND'S BOA,Reptilia
Type I,Chelonoidis chilensis,CHACO TORTOISE,Reptilia
Type I,Chilabothrus exsul,ABACO ISLAND BOA,Reptilia
Type I,Clemmys guttata,YELLOW SPOTTED AMAZON RIVER TURTLE,Reptilia
Type I,Dipsosaurus dorsalis,DESERT IGUANA 96-07,Reptilia
Type I,Gerrhonotus infernalis,TEXAS ALLIGATOR LIZARD,Reptilia
Type I,Nerodia sipedon,WATERSNAKE,Reptilia
Type I,Pantherophis vulpinus,WESTERN FOX SNAKE,Reptilia
Type I,Pseudaspis cana,MOLE SNAKE,Reptilia
Type I,Sauromalus ater,CHUCKWALLA,Reptilia
Trending toward Type I,Acanthophis antarcticus,DEATH ADDER,Reptilia
Trending toward Type I,Acrantophis dumerili,DUMERIL'S GROUND BOA,Reptilia
Trending toward Type I,Agkistrodon piscivorus,WESTERN COTTONMOUTH SNAKE,Reptilia
Trending toward Type I,Anolis cristatellus,CRESTED ANOLE,Reptilia
Trending toward Type I,Antaresia childreni,CHILDREN'S PYTHON,Reptilia
Trending toward Type I,Atheris chlorechis,TREE VIPER,Reptilia
Trending toward Type I,Bogertophis subocularis,TRANS-PECOS RATTLESNAKE,Reptilia
Trending toward Type I,Boiga dendrophila,MANGROVE SNAKE,Reptilia
Trending toward Type I,Bothrops atrox,SURINAM PIT VIPER,Reptilia
Trending toward Type I,Chlamydosaurus kingii,FRILLED LIZARD,Reptilia
Trending toward Type I,Corallus caninus,EMERALD TREE BOA,Reptilia
Trending toward Type I,Crotalus atrox,WESTERN DIAMONDBACK RATTLESNAKE,Reptilia
Trending toward Type I,Crotalus basiliscus,MEXICAN GREEN RATTLESNAKE,Reptilia
Trending toward Type I,Crotalus durissus,NEOTROPICAL RATTLESNAKE,Reptilia
Trending toward Type I,Crotalus molossus,NORTHERN PACIFIC RATTLESNAKE,Reptilia
Trending toward Type I,Ctenosaura pectinata,SPINY TAILED IGUANA,Reptilia
Trending toward Type I,Deinagkistrodon acutus,CHINESE MOCCASIN,Reptilia
Trending toward Type I,Drymobius margaritiferus,SPECKLED RACER,Reptilia
Trending toward Type I,Epicrates cenchria,RAINBOW BOA,Reptilia
Trending toward Type I,Furcifer pardalis,PANTHER CHAMELEON,Reptilia
Trending toward Type I,Heloderma suspectum,GILA MONSTER,Reptilia
Trending toward Type I,Iguana iguana,GREEN IGUANA,Reptilia
Trending toward Type I,Lampropeltis getula,CHAIN KINGSNAKE,Reptilia
Trending toward Type I,Lampropeltis mexicana,THAYER'S KINGSNAKE,Reptilia
Trending toward Type I,Lampropeltis triangulum,SINALOAN MILKSNAKE,Reptilia
Trending toward Type I,Lichanura trivirgata,COSTAL ROSY BOA,Reptilia
Trending toward Type I,Simalia boeleni,BOELEN'S PYTHON,Reptilia
Trending toward Type I,Morelia viridis,GREEN TREE PYTHON,Reptilia
Trending toward Type I,Naja pallida,RED SPITTING COBRA,Reptilia
Trending toward Type I,Nerodia clarkii,MANGROVE SALTMARSH SNAKE,Reptilia
Trending toward Type I,Ophiophagus hannah,KING COBRA,Reptilia
Trending toward Type I,Orthriophis taeniurus,TAIWANESE BEAUTY SNAKE,Reptilia
Trending toward Type I,Pavo cristatus,INDIAN PEAFOWL(PEACOCK),Reptilia
Trending toward Type I,Phelsuma standingi,STANDING'S DAY GECKO,Reptilia
Trending toward Type I,Pituophis melanoleucus,BLACK PINE SNAKE,Reptilia
Trending toward Type I,Python bivittatus,BOA,Reptilia
Trending toward Type I,Sanzinia madagascariensis,MADAGASCAR TREE BOA,Reptilia
Trending toward Type I,Sceloporus cyanogenys,BLUE SPINY LIZARD,Reptilia
Trending toward Type I,Sistrurus catenatus,WESTERN MASSASAUGA,Reptilia
Trending toward Type I,Tiliqua scincoides,BLUE TONGUED SKINK,Reptilia
Trending toward Type I,Tupinambis rufescens,RED TEGU,Reptilia
Trending toward Type I,Uromastyx aegyptia,EGYPTIAN SPINY TAILED LIZARD,Reptilia
Trending toward Type I,Uroplatus sikorae,LEAF TAILED GECKO,Reptilia
Trending toward Type I,Varanus beccarii,BLACK TREE MONITOR,Reptilia
Trending toward Type I,Varanus bengalensis,BENGAL MONITOR,Reptilia
Type II,Acrantophis madagascariensis,MADAGASCAR GROUND BOA,Reptilia
Type II,Astrochelys radiata,RADIATED TORTOISE,Reptilia
Type II,Bitis nasicornis,RHINOCEROS VIPER,Reptilia
Type II,Boa constrictor,GUATEMALAN DWARF BOA,Reptilia
Type II,Bothriechis aurifer,GUATEMALAN PALM VIPER,Reptilia
Type II,Bothrochilus boa,RINGED PYTHON,Reptilia
Type II,Bothrops asper,TERCIOPELO,Reptilia
Type II,Chelus fimbriatus,MATAMATA,Reptilia
Type II,Crotalus polystictus,MEXICAN LANCE-HEADED RATTLESNAKE,Reptilia
Type II,Crotalus ruber,RED DIAMOND RATTLESNAKE,Reptilia
Type II,Crotalus scutulatus,MOJAVE RATTLESNAKE,Reptilia
Type II,Crotalus willardi,ARIZONA RIDGENOSE RATTLESNAKE,Reptilia
Type II,Dendroaspis angusticeps,BLACK MAMBA,Reptilia
Type II,Dracaena guianensis,CAIMAN LIZARD,Reptilia
Type II,Erpeton tentaculatum,TENTACLED SNAKE,Reptilia
Type II,Heloderma horridum,MEXICAN BEADED LIZARD,Reptilia
Type II,Hemidactylus frenatus,GECKO,Reptilia
Type II,Heterodon nasicus,WESTERN HOG NOSE SNAKE,Reptilia
Type II,Lampropeltis zonata,CALIFORNIA KING SNAKE,Reptilia
Type II,Malacochersus tornieri,PANCAKE TORTOISE,Reptilia
Type II,Paleosuchus palpebrosus,DWARF CAIMAN,Reptilia
Type II,Pelomedusa subrufa,HELMETED TERRAPIN,Reptilia
Type II,Phelsuma grandis,MADAGASCAR DAY GECKO,Reptilia
Type II,Python curtus,PYTHON,Reptilia
Type II,Rhacodactylus leachianus,NEW CALEDONIA GIANT GECKO,Reptilia
Type II,Sauromalus varius,SAND ESTEBAN ISLAND CHUCKWALLA,Reptilia
Type II,Sistrurus miliarius,DUSKY RATTLESNAKE,Reptilia
Type II,Terrapene coahuila,COAHUILAN BOX TURTLE,Reptilia
Type II,Thamnophis radix,EASTERN PLAINS GARTER SNAKE,Reptilia
Type II,Varanus acanthurus,RING-TAILED MONITOR,Reptilia
Type II,Varanus dumerilii,MONITOR LIZARD,Reptilia
Type II,Varanus salvator,MALAYAN MONITOR LIZARD,Reptilia
Trending toward Type III,Aspidites ramsayi,WOMA,Reptilia
Trending toward Type III,Basiliscus plumifrons,PLUMED BASILISK,Reptilia
Trending toward Type III,Brachylophus fasciatus,FUJI ISLAND BEANDED IGUANA,Reptilia
Trending toward Type III,Gopherus flavomarginatus,BOLSON'S TORTOISE,Reptilia
Trending toward Type III,Manouria emys,BURMESE MOUNTAIN TORTOISE,Reptilia
Trending toward Type III,Pachydactylus rangei,NANIB SAND GECKO,Reptilia
Trending toward Type III,Python regius,BALL PYTHON,Reptilia
Trending toward Type III,Tomistoma schlegelii,FALSE GAVIAL,Reptilia
Trending toward Type III,Varanus giganteus,VARANUS GIGANTEUS,Reptilia
Trending toward Type III,Varanus mertensi,WATER MONITOR,Reptilia
Trending toward Type III,Varanus niloticus,NILE MONITOR,Reptilia
Type III,Corytophanes cristatus,CASQUE-HEADED IGUANA,Reptilia
Type III,Hydrosaurus pustulatus,HYDROSAURUS,Reptilia
Type I,Ambystoma mexicanum,AXOLOTL,Amphibia
Type I,Anaxyrus hemiophrys,Toad,Amphibia
Type I,Cryptobranchus alleganiensis,EASTERN HELLBENDER,Amphibia
Type I,Dermophis mexicanus,MEXICAN CAECILIAN,Amphibia
Type II,Ceratophrys ornata,ORNATED HORN FROG,Amphibia
Type II,Pipa pipa,SURINAM TOAD,Amphibia
Type II,Pleurodeles waltl,IBERIAN RIBBED NEWT,Amphibia
Trending toward Type III,Osteopilus septentrionalis,CUBAN TREE FROG,Amphibia