Species,benign_proportion
Acinonyx jubatus,0.5
Acomys cahirinus,NA
Addax nasomaculatus,0.2153846153846154
Aepyceros melampus,0.25675675675675674
Ailurus fulgens,NA
Alcelaphus buselaphus,NA
Alces americanus,NA
Allenopithecus nigroviridis,NA
Allochrocebus lhoesti,NA
Alouatta caraya,NA
Alouatta seniculus,NA
Ammotragus lervia,NA
Anathana ellioti,NA
Antidorcas marsupialis,NA
Antilope cervicapra,0.14423076923076922
Aonyx cinerea,NA
Aonyx cinereus,NA
Aotus trivirgatus,NA
Arctictis binturong,NA
Arctocephalus pusillus,NA
Artibeus jamaicensis,0.039473684210526314
Atelerix albiventris,0.14168937329700274
Ateles geoffroyi,NA
Ateles paniscus,NA
Axis axis,NA
Axis calamianensis,NA
Axis kuhlii,NA
Babyrousa babyrussa,NA
Babyrousa celebensis,NA
Bassariscus sumichrasti,NA
Bison bison,NA
Bison bonasus,NA
Bos frontalis,NA
Bos grunniens,NA
Bos javanicus,NA
Bos taurus,NA
Brachylagus idahoensis,NA
Bradypus tridactylus,NA
Bubalus bubalis,NA
Bubalus mindorensis,NA
Callimico goeldii,NA
Callithrix geoffroyi,NA
Callithrix penicillata,NA
Callorhinus ursinus,NA
Callosciurus prevostii,NA
Camelus bactrianus,NA
Camelus dromedarius,NA
Canis latrans,NA
Canis lupus,0.2391304347826087
Canis mesomelas,NA
Capra falconeri,NA
Capra hircus,0.35384615384615387
Capra nubiana,NA
Capromys pilorides,NA
Caracal caracal,NA
Carollia perspicillata,0.04040404040404041
Castor canadensis,NA
Catagonus wagneri,NA
Cavia fulgida,0.4150326797385621
Cavia porcellus,NA
Cebuella pygmaea,0.07246376811594203
Cebus apella,NA
Cephalophus monticola,NA
Cephalophus niger,NA
Cephalophus rufilatus,NA
Cephalophus silvicultor,NA
Ceratotherium simum,NA
Cercopithecus cephus,NA
Cercopithecus diana,NA
Cercopithecus hamlyni,NA
Cercopithecus mona,NA
Cercopithecus neglectus,NA
Cervus duvaucelii,NA
Cervus eldii,NA
Cervus nippon,NA
Chinchilla brevicaudata,0.011111111111111112
Chinchilla chinchilla,NA
Chironectes minimus,NA
Chlorocebus pygerythrus,NA
Choloepus didactylus,NA
Choloepus hoffmanni,NA
Chrotopterus auritus,NA
Chrysocyon brachyurus,0.34328358208955223
Coendou rothschildi,NA
Colobus guereza,0.09230769230769231
Conepatus semistriatus,NA
Connochaetes taurinus,NA
Crateromys heaneyi,NA
Cricetulus longicaudatus,NA
Crocuta crocuta,NA
Cynomys ludovicianus,0.18803418803418803
Dactylopsila trivirgata,NA
Dama dama,NA
Damaliscus korrigum,NA
Damaliscus pygargus,NA
Dasyprocta punctata,NA
Dasypus novemcinctus,NA
Dasyurus maculatus,NA
Delphinus delphis,NA
Dendrolagus goodfellowi,NA
Diceros bicornis,NA
Didelphis marsupialis,0.3464566929133858
Dipodomys deserti,NA
Dipodomys ordii,NA
Echinops telfairi,NA
Eidolon helvum,0.05357142857142857
Elaphurus davidianus,NA
Elephas maximus,NA
Enhydra lutris,NA
Equus grevyi,NA
Equus hemionus,NA
Equus quagga,NA
Equus zebra,NA
Erythrocebus patas,NA
Eudorcas thomsonii,0.19696969696969696
Eulemur albifrons,NA
Eulemur collaris,NA
Eulemur fulvus,NA
Eulemur rubriventer,NA
Eumetopias jubatus,NA
Felis catus,NA
Felis nigripes,NA
Felis silvestris,NA
Galago senegalensis,NA
Gazella dorcas,NA
Gazella spekei,NA
Gerbillus henleyi,NA
Giraffa camelopardalis,NA
Gorilla gorilla,0.23214285714285715
Gulo gulo,NA
Halichoerus grypus,NA
Hapalemur alaotrensis,NA
Hapalemur griseus,NA
Helarctos malayanus,NA
Helogale hirtula,NA
Hemigalus derbyanus,NA
Heterocephalus glaber,0.048
Hexaprotodon liberiensis,NA
Hippopotamus amphibius,NA
Hippotragus equinus,NA
Hippotragus niger,NA
Hydrictis maculicollis,NA
Hydrochoerus hydrochaeris,0.06493506493506493
Hylobates concolor,NA
Hylobates lar,NA
Hylobates pileatus,NA
Hypogeomys antimena,NA
Hystrix africaeaustralis,NA
Hystrix cristata,NA
Hystrix indica,NA
Kerodon rupestris,NA
Kobus ellipsiprymnus,0.18072289156626506
Kobus megaceros,NA
Lama glama,0.16129032258064516
Lemniscomys rosalia,NA
Lemur catta,0.2413793103448276
Leontopithecus chrysomelas,0.232
Leontopithecus rosalia,NA
Leopardus geoffroyi,NA
Leopardus pardalis,NA
Leptailurus serval,NA
Litocranius walleri,0.09090909090909091
Lontra canadensis,0.24444444444444444
Lycaon pictus,0.26881720430107525
Lynx canadensis,NA
Lynx lynx,NA
Lynx rufus,NA
Macaca fuscata,NA
Macaca mulatta,0.02702702702702703
Macaca nigra,NA
Macaca radiata,NA
Macaca silenus,NA
Macropus eugenii,NA
Macropus fuliginosus,NA
Macropus giganteus,NA
Macroscelides proboscideus,NA
Madoqua guentheri,NA
Madoqua kirkii,NA
Mandrillus sphinx,NA
Marmota monax,NA
Mazama americana,NA
Melursus ursinus,NA
Meriones unguiculatus,NA
Microcebus murinus,NA
Miopithecus talapoin,NA
Mirza coquereli,NA
Monodelphis domestica,NA
Mungos mungo,NA
Muntiacus muntjak,NA
Muntiacus reevesi,NA
Mus musculus,0.013157894736842105
Mustela erminea,NA
Mustela frenata,NA
Mustela nigripes,0.381294964028777
Mustela putorius,0.1821705426356589
Myocastor coypus,NA
Myrmecophaga tridactyla,NA
Naemorhedus griseus,NA
Nanger dama,0.15789473684210525
Nanger granti,NA
Nasua narica,NA
Neofelis nebulosa,NA
Neotoma floridana,NA
Nomascus gabriellae,NA
Notamacropus parma,NA
Notamacropus rufogriseus,0.1
Nycticebus pygmaeus,NA
Octodon degus,NA
Odobenus rosmarus,NA
Odocoileus hemionus,NA
Odocoileus virginianus,NA
Okapia johnstoni,NA
Oreamnos americanus,NA
Orycteropus afer,NA
Oryctolagus cuniculus,0.1511627906976744
Oryx dammah,0.15789473684210525
Oryx leucoryx,NA
Osphranter robustus,0.140625
Osphranter rufus,0.06060606060606061
Otocolobus manul,NA
Otocyon megalotis,NA
Otolemur crassicaudatus,NA
Otolemur garnettii,NA
Ovibos moschatus,NA
Ovis aries,0.1891891891891892
Ovis canadensis,NA
Ovis dalli,NA
Pan paniscus,NA
Pan troglodytes,0.2840909090909091
Panthera leo,0.36153846153846153
Panthera onca,0.3333333333333333
Panthera pardus,0.39655172413793105
Panthera tigris,0.31386861313868614
Panthera uncia,0.35555555555555557
Papio anubis,NA
Papio hamadryas,NA
Papio papio,NA
Pecari tajacu,NA
Pedetes capensis,NA
Pekania pennanti,NA
Peromyscus eremicus,NA
Petaurus breviceps,0.2054794520547945
Petrogale xanthopus,NA
Phacochoerus africanus,0.4
Phascolarctos cinereus,NA
Phoca vitulina,0.03896103896103896
Phocoena phocoena,NA
Pithecia pithecia,NA
Pongo abelii,NA
Potamochoerus porcus,NA
Potos flavus,NA
Procavia capensis,0.14925373134328357
Procyon lotor,0.1232876712328767
Proteles cristata,NA
Pteronura brasiliensis,NA
Pteropus hypomelanus,NA
Pteropus poliocephalus,NA
Pteropus rodricensis,0.038461538461538464
Pudu puda,NA
Puma concolor,0.288135593220339
Pusa hispida,NA
Pygathrix nemaeus,NA
Rangifer tarandus,NA
Rattus norvegicus,0.14285714285714285
Rhinoceros unicornis,NA
Rousettus aegyptiacus,0.07058823529411765
Rousettus lanosus,NA
Saguinus bicolor,NA
Saguinus geoffroyi,NA
Saguinus imperator,0.2222222222222222
Saguinus labiatus,NA
Saguinus oedipus,0.11
Saimiri boliviensis,NA
Saimiri sciureus,0.17647058823529413
Sarcophilus harrisii,NA
Semnopithecus entellus,NA
Setifer setosus,NA
Speothos venaticus,NA
Spilogale pygmaea,NA
Stenella coeruleoalba,NA
Suricata suricatta,0.15625
Sus barbatus,NA
Sus scrofa,NA
Sylvilagus audubonii,NA
Sylvilagus transitionalis,NA
Symphalangus syndactylus,NA
Tapirus bairdii,NA
Tapirus indicus,NA
Tapirus terrestris,NA
Taurotragus derbianus,NA
Taurotragus oryx,NA
Tenrec ecaudatus,NA
Theropithecus gelada,NA
Tlacuatzin canescens,NA
Tolypeutes tricinctus,NA
Trachypithecus delacouri,NA
Tragelaphus angasii,NA
Tragelaphus eurycerus,NA
Tragelaphus imberbis,NA
Tragelaphus spekii,NA
Tragelaphus strepsiceros,0.19047619047619047
Tragulus javanicus,NA
Tragulus napu,NA
Tremarctos ornatus,NA
Trichechus manatus,NA
Tupaia belangeri,NA
Tupaia glis,NA
Tupaia tana,NA
Tursiops truncatus,NA
Urocyon cinereoargenteus,NA
Urocyon littoralis,NA
Ursus americanus,NA
Ursus arctos,NA
Ursus maritimus,NA
Ursus thibetanus,NA
Varecia rubra,NA
Varecia variegata,0.20652173913043478
Vicugna pacos,0.3835616438356164
Vulpes lagopus,NA
Vulpes velox,NA
Vulpes vulpes,NA
Vulpes zerda,NA
Wallabia bicolor,NA
Zalophus californianus,0.2912621359223301
NA,NA
