Species,malignant_proportion
Acinonyx jubatus,0.7105263157894737
Acomys cahirinus,NA
Addax nasomaculatus,0.38461538461538464
Aepyceros melampus,0.5
Ailurus fulgens,NA
Alcelaphus buselaphus,NA
Alces americanus,NA
Allenopithecus nigroviridis,NA
Allochrocebus lhoesti,NA
Alouatta caraya,NA
Alouatta seniculus,NA
Ammospermophilus leucurus,NA
Ammospermophilus nelsoni,NA
Ammotragus lervia,NA
Anathana ellioti,NA
Antidorcas marsupialis,NA
Antilocapra americana,NA
Antilope cervicapra,0.3173076923076923
Aonyx cinerea,NA
Aonyx cinereus,NA
Aotus trivirgatus,NA
Arctictis binturong,NA
Arctocephalus pusillus,NA
Artibeus jamaicensis,0.14473684210526316
Atelerix albiventris,0.7029972752043597
Ateles geoffroyi,NA
Ateles paniscus,NA
Axis axis,NA
Axis calamianensis,NA
Axis kuhlii,NA
Babyrousa babyrussa,NA
Babyrousa celebensis,NA
Bassariscus sumichrasti,NA
Bettongia penicillata,NA
Bison bison,NA
Bison bonasus,NA
Bos frontalis,NA
Bos grunniens,NA
Bos javanicus,NA
Bos taurus,NA
Brachylagus idahoensis,NA
Bradypus tridactylus,NA
Bubalus bubalis,NA
Bubalus depressicornis,NA
Bubalus mindorensis,NA
Cacajao calvus,NA
Callimico goeldii,NA
Callithrix geoffroyi,NA
Callithrix jacchus,NA
Callithrix penicillata,NA
Callorhinus ursinus,NA
Callosciurus prevostii,NA
Camelus bactrianus,NA
Camelus dromedarius,NA
Canis latrans,NA
Canis lupus,0.6902173913043478
Canis mesomelas,NA
Capra falconeri,NA
Capra hircus,0.6692307692307692
Capra nubiana,NA
Capricornis crispus,NA
Capromys pilorides,NA
Caracal caracal,NA
Carollia perspicillata,0.1717171717171717
Castor canadensis,NA
Catagonus wagneri,NA
Cavia fulgida,0.6928104575163399
Cavia porcellus,NA
Cebuella pygmaea,0.10144927536231885
Cebus apella,NA
Cephalophus monticola,NA
Cephalophus niger,NA
Cephalophus rufilatus,NA
Cephalophus silvicultor,NA
Ceratotherium simum,NA
Cercopithecus ascanius,NA
Cercopithecus cephus,NA
Cercopithecus diana,NA
Cercopithecus hamlyni,NA
Cercopithecus mona,NA
Cercopithecus neglectus,NA
Cercopithecus petaurista,NA
Cervus duvaucelii,NA
Cervus eldii,NA
Cervus nippon,NA
Chaetophractus vellerosus,NA
Cheirogaleus medius,NA
Chinchilla brevicaudata,0.1111111111111111
Chinchilla chinchilla,NA
Chinchilla lanigera,NA
Chironectes minimus,NA
Chlorocebus pygerythrus,NA
Choloepus didactylus,NA
Choloepus hoffmanni,NA
Chrotopterus auritus,NA
Chrysocyon brachyurus,0.835820895522388
Coendou prehensilis,NA
Coendou rothschildi,NA
Colobus guereza,0.23076923076923078
Conepatus semistriatus,NA
Connochaetes taurinus,NA
Crateromys heaneyi,NA
Cricetulus longicaudatus,NA
Crocuta crocuta,NA
Crossarchus obscurus,NA
Cryptoprocta ferox,NA
Cynomys ludovicianus,0.47863247863247865
Dactylopsila trivirgata,NA
Dama dama,NA
Damaliscus korrigum,NA
Damaliscus pygargus,NA
Dasyprocta punctata,NA
Dasypus novemcinctus,NA
Dasyuroides byrnei,NA
Dasyurus maculatus,NA
Delphinus delphis,NA
Dendrolagus goodfellowi,NA
Diceros bicornis,NA
Didelphis marsupialis,0.7165354330708661
Dipodomys deserti,NA
Dipodomys ordii,NA
Echinops telfairi,NA
Eidolon helvum,0.10714285714285714
Eira barbara,NA
Elaphurus davidianus,NA
Elephantulus brachyrhynchus,NA
Elephas maximus,NA
Enhydra lutris,NA
Equus grevyi,NA
Equus hemionus,NA
Equus quagga,NA
Equus zebra,NA
Erethizon dorsatum,NA
Erythrocebus patas,NA
Eudorcas thomsonii,0.3939393939393939
Eulemur albifrons,NA
Eulemur collaris,NA
Eulemur fulvus,NA
Eulemur rubriventer,NA
Eumetopias jubatus,NA
Felis catus,NA
Felis chaus,NA
Felis nigripes,NA
Felis silvestris,NA
Galago senegalensis,NA
Gazella dorcas,NA
Gazella leptoceros,NA
Gazella spekei,NA
Gerbillus henleyi,NA
Giraffa camelopardalis,NA
Glaucomys volans,NA
Glossophaga soricina,NA
Gorilla gorilla,0.4642857142857143
Gulo gulo,NA
Halichoerus grypus,NA
Hapalemur alaotrensis,NA
Hapalemur griseus,NA
Helarctos malayanus,NA
Helogale hirtula,NA
Hemigalus derbyanus,NA
Hemitragus jemlahicus,NA
Heterocephalus glaber,0.056
Hexaprotodon liberiensis,NA
Hippopotamus amphibius,NA
Hippotragus equinus,NA
Hippotragus niger,NA
Hyaena brunnea,NA
Hydrictis maculicollis,NA
Hydrochoerus hydrochaeris,0.42857142857142855
Hylobates concolor,NA
Hylobates lar,NA
Hylobates pileatus,NA
Hypogeomys antimena,NA
Hystrix africaeaustralis,NA
Hystrix cristata,NA
Hystrix indica,NA
Kerodon rupestris,NA
Kobus ellipsiprymnus,0.4457831325301205
Kobus megaceros,NA
Lagothrix cana,NA
Lama glama,0.46774193548387094
Lama pacos,NA
Lasionycteris noctivagans,NA
Lemniscomys rosalia,NA
Lemur catta,0.6
Leontopithecus chrysomelas,0.472
Leontopithecus rosalia,NA
Leopardus geoffroyi,NA
Leopardus pardalis,NA
Leptailurus serval,NA
Litocranius walleri,0.23376623376623376
Lontra canadensis,0.5
Lophocebus aterrimus,NA
Loris tardigradus,NA
Lycaon pictus,0.7634408602150538
Lynx canadensis,NA
Lynx lynx,NA
Lynx rufus,NA
Macaca fascicularis,NA
Macaca fuscata,NA
Macaca mulatta,0.13513513513513514
Macaca nigra,NA
Macaca radiata,NA
Macaca silenus,NA
Macropus eugenii,NA
Macropus fuliginosus,NA
Macropus giganteus,NA
Macroscelides proboscideus,NA
Macrotus californicus,NA
Madoqua guentheri,NA
Madoqua kirkii,NA
Mandrillus sphinx,NA
Manis tricuspis,NA
Marmota monax,NA
Mastomys natalensis,NA
Mazama americana,NA
Melursus ursinus,NA
Mephitis mephitis,NA
Meriones unguiculatus,NA
Mesocricetus auratus,NA
Microcebus murinus,NA
Micromys minutus,NA
Miopithecus talapoin,NA
Mirza coquereli,NA
Monodelphis domestica,NA
Mungos mungo,NA
Muntiacus muntjak,NA
Muntiacus reevesi,NA
Mus musculus,0.5263157894736842
Mustela erminea,NA
Mustela frenata,NA
Mustela nigripes,0.5539568345323741
Mustela putorius,0.7467700258397932
Myocastor coypus,NA
Myrmecophaga tridactyla,NA
Naemorhedus griseus,NA
Nanger dama,0.3026315789473684
Nanger granti,NA
Nasua narica,NA
Nasua nasua,NA
Neofelis nebulosa,NA
Neotoma floridana,NA
Neotragus moschatus,NA
Nomascus gabriellae,NA
Notamacropus parma,NA
Notamacropus rufogriseus,0.1375
Nycticebus coucang,NA
Nycticebus pygmaeus,NA
Octodon degus,NA
Odobenus rosmarus,NA
Odocoileus hemionus,NA
Odocoileus virginianus,NA
Okapia johnstoni,NA
Oreamnos americanus,NA
Oreotragus oreotragus,NA
Orycteropus afer,NA
Oryctolagus cuniculus,0.3581395348837209
Oryx dammah,0.3333333333333333
Oryx leucoryx,NA
Osphranter robustus,0.359375
Osphranter rufus,0.17424242424242425
Otocolobus manul,NA
Otocyon megalotis,NA
Otolemur crassicaudatus,NA
Otolemur garnettii,NA
Ovibos moschatus,NA
Ovis aries,0.527027027027027
Ovis canadensis,NA
Ovis dalli,NA
Pan paniscus,NA
Pan troglodytes,0.48863636363636365
Panthera leo,0.8076923076923077
Panthera onca,0.8771929824561403
Panthera pardus,0.896551724137931
Panthera tigris,0.7226277372262774
Panthera uncia,0.8
Papio anubis,NA
Papio hamadryas,NA
Papio papio,NA
Pecari tajacu,NA
Pedetes capensis,NA
Pekania pennanti,NA
Peromyscus eremicus,NA
Peromyscus leucopus,NA
Petaurus breviceps,0.5205479452054794
Petrogale xanthopus,NA
Phacochoerus aethiopicus,NA
Phacochoerus africanus,0.7230769230769231
Phalanger gymnotis,NA
Phascolarctos cinereus,NA
Phoca vitulina,0.15584415584415584
Phocoena phocoena,NA
Pithecia pithecia,NA
Pongo abelii,NA
Potamochoerus porcus,NA
Potos flavus,NA
Prionailurus viverrinus,NA
Procavia capensis,0.3582089552238806
Procyon lotor,0.3287671232876712
Proteles cristata,NA
Pteronura brasiliensis,NA
Pteropus hypomelanus,NA
Pteropus poliocephalus,NA
Pteropus rodricensis,0.07692307692307693
Pudu puda,NA
Puma concolor,0.5677966101694916
Pusa hispida,NA
Pygathrix nemaeus,NA
Rangifer tarandus,NA
Rattus norvegicus,0.430952380952381
Rhinoceros unicornis,NA
Rhinolophus ruwenzorii,NA
Rousettus aegyptiacus,0.2823529411764706
Rousettus lanosus,NA
Saguinus bicolor,NA
Saguinus geoffroyi,NA
Saguinus imperator,0.35185185185185186
Saguinus labiatus,NA
Saguinus midas,NA
Saguinus oedipus,0.42
Saimiri boliviensis,NA
Saimiri sciureus,0.4019607843137255
Sarcophilus harrisii,NA
Sciurus carolinensis,NA
Sciurus vulgaris,NA
Semnopithecus entellus,NA
Semnopithecus hypoleucos,NA
Semnopithecus priam,NA
Setifer setosus,NA
Sotalia fluviatilis,NA
Speothos venaticus,NA
Spilogale pygmaea,NA
Stenella coeruleoalba,NA
Suricata suricatta,0.375
Sus barbatus,NA
Sus scrofa,NA
Sylvilagus audubonii,NA
Sylvilagus transitionalis,NA
Symphalangus syndactylus,NA
Tapirus bairdii,NA
Tapirus indicus,NA
Tapirus terrestris,NA
Taurotragus derbianus,NA
Taurotragus oryx,NA
Tenrec ecaudatus,NA
Theropithecus gelada,NA
Tlacuatzin canescens,NA
Tolypeutes matacus,NA
Tolypeutes tricinctus,NA
Trachypithecus delacouri,NA
Trachypithecus francoisi,NA
Tragelaphus angasii,NA
Tragelaphus eurycerus,NA
Tragelaphus imberbis,NA
Tragelaphus oryx,NA
Tragelaphus spekii,NA
Tragelaphus strepsiceros,0.27380952380952384
Tragulus javanicus,NA
Tragulus napu,NA
Tremarctos ornatus,NA
Trichechus manatus,NA
Tupaia belangeri,NA
Tupaia glis,NA
Tupaia tana,NA
Tursiops truncatus,NA
Urocitellus richardsonii,NA
Urocyon cinereoargenteus,NA
Urocyon littoralis,NA
Ursus americanus,NA
Ursus arctos,NA
Ursus maritimus,NA
Ursus thibetanus,NA
Varecia rubra,NA
Varecia variegata,0.5760869565217391
Vicugna pacos,1
Viverricula indica,NA
Vulpes lagopus,NA
Vulpes macrotis,NA
Vulpes velox,NA
Vulpes vulpes,NA
Vulpes zerda,NA
Wallabia bicolor,NA
Zalophus californianus,0.6504854368932039
NA,NA
