"Species","Class","n","max_longevity","gestation","body_size","neoplasia_prevalence","cancer_prevalence","survivorship_type","shape_value"
"Acinonyx jubatus","Mammalia",212,216,2.89283366206443,53500,0.466981132075472,0.160377358490566,"Type I",0.308207688887054
"Addax nasomaculatus","Mammalia",76,288,9.27021696252466,92500,0.236842105263158,0.105263157894737,"Trending toward Type I",0.170295520462327
"Ailurus fulgens","Mammalia",147,240,3.81328073635766,4325,0.374149659863946,0.0884353741496599,"Trending toward Type I",0.193373677568612
"Artibeus jamaicensis","Mammalia",84,288,2.49835634451019,42.2,0.142857142857143,0.0595238095238095,"Trending toward Type I",0.118248272556151
"Atelerix albiventris","Mammalia",1077,170.47,1.15055884286654,500,0.754874651810585,0.558960074280409,"Trending toward Type III",-0.1349918281603
"Bitis nasicornis","Reptilia",43,408,NA,717,0.348837209302326,0.162790697674419,"Trending toward Type III",-0.17744812089691
"Boa constrictor","Reptilia",453,492,4.10913872452334,3532,0.492273730684327,0.364238410596026,"Type II",0.0960146617673831
"Canis lupus","Mammalia",440,228,2.03813280736358,26625,0.640909090909091,0.370454545454545,"Trending toward Type I",0.278469252680069
"Capra hircus","Mammalia",376,204,5.09533201840894,61000,0.545212765957447,0.284574468085106,"Trending toward Type I",0.263646409660889
"Capra nubiana","Mammalia",36,240,4.93096646942801,46250,0.166666666666667,0.0833333333333333,"Trending toward Type I",0.254018055815817
"Carollia perspicillata","Mammalia",40,240,3.12294543063774,15,0.35,0.15,"Type II",0.0592618009818027
"Cebuella pygmaea","Mammalia",139,240,4.10913872452334,124,0.115107913669065,0.0287769784172662,"Type II",0.0555899686848299
"Chinchilla brevicaudata","Mammalia",146,252,4.27,NA,0.123287671232877,0.0616438356164384,"Trending toward Type I",0.105820484076229
"Colobus guereza","Mammalia",154,432,5.75279421433268,9950,0.201298701298701,0.0649350649350649,"Trending toward Type I",0.118189920657561
"Corallus caninus","Reptilia",96,264,NA,NA,0.114583333333333,0.0625,"Trending toward Type I",0.109834714267817
"Crotalus horridus","Reptilia",76,276,4.43786982248521,0.4165,0.236842105263158,0.210526315789474,"Trending toward Type I",0.249917822989135
"Crotalus lepidus","Reptilia",60,264,NA,219,0.1,0.0666666666666667,"Trending toward Type I",0.118527516367965
"Crotalus polystictus","Reptilia",44,264,NA,NA,0.0227272727272727,0,"Type II",-0.0509678287374132
"Cynomys ludovicianus","Mammalia",191,1205.33,0.986193293885602,1125,0.6282722513089,0.403141361256544,"Type III",-0.420689000411113
"Dasyprocta punctata","Mammalia",59,204,3.68178829717291,2150,0.440677966101695,0.288135593220339,"Trending toward Type I",0.181564663301208
"Dendrocygna autumnalis","Aves",230,252,0.887573964497041,828,0.143478260869565,0.0782608695652174,"Trending toward Type I",0.122169900963696
"Didelphis marsupialis","Mammalia",416,108,0.394477317554241,1530,0.701923076923077,0.4375,"Type II",-0.0311495252919436
"Eidolon helvum","Mammalia",126,300,9.04010519395135,306.25,0.0634920634920635,0.0238095238095238,"Type II",0.0805684378255002
"Eos bornea","Aves",101,372,NA,156,0.158415841584158,0.0495049504950495,"Type II",-0.0239831617123565
"Erpeton tentaculatum","Reptilia",63,216,NA,131,0.0158730158730159,0.0158730158730159,"Type II",0.0930242159208644
"Eublepharis macularius","Reptilia",208,252,1.80802103879027,35.53,0.1875,0.0913461538461538,"Type II",0.0962647834643605
"Eudocimus ruber","Aves",110,420,0.756081525312295,615,0.0545454545454545,0.0181818181818182,"Trending toward Type I",0.12934275883764
"Eudorcas thomsonii","Mammalia",93,228,5.58842866535174,25000,0.419354838709677,0.247311827956989,"Trending toward Type I",0.277578016127214
"Furcifer pardalis","Reptilia",91,218.4,NA,NA,0.263736263736264,0.164835164835165,"Trending toward Type III",-0.287656765573899
"Gallus gallus","Aves",741,1205.3,NA,779.8,0.562753036437247,0.46693657219973,"Type III",-0.401428564665341
"Giraffa camelopardalis","Mammalia",74,408,15.0230111768573,8e+05,0.202702702702703,0.121621621621622,"Trending toward Type I",0.165054146860269
"Gonocephalus chamaeleontinus","Reptilia",299,1608,NA,NA,0.431438127090301,0.210702341137124,"Type III",-0.381979538086291
"Gopherus agassizii","Reptilia",67,852,3.87902695595003,NA,0.119402985074627,0.0895522388059701,"Type II",0.0841512867812723
"Gorilla gorilla","Mammalia",168,720,8.4155161078238,139842,0.321428571428571,0.0892857142857143,"Trending toward Type I",0.208344373037974
"Heloderma suspectum","Reptilia",72,444,NA,553.41,0.375,0.277777777777778,"Trending toward Type I",0.173821254604494
"Heterocephalus glaber","Mammalia",90,275,2.30111768573307,35,0.1,0.0555555555555556,"Type II",0.00864471108470982
"Hydrochoerus hydrochaeris","Mammalia",186,158.9,4.93096646942801,55000,0.612903225806452,0.39247311827957,"Type I",0.322163269636092
"Lama glama","Mammalia",145,324,10.8481262327416,140000,0.641379310344828,0.413793103448276,"Trending toward Type I",0.254073521490601
"Lampropeltis getula","Reptilia",144,492,2.00525969756739,2041,0.618055555555556,0.479166666666667,"Type II",-0.0166162590647452
"Lampropeltis triangulum","Reptilia",115,312,NA,950,0.495652173913044,0.330434782608696,"Trending toward Type I",0.264389211479148
"Larosterna inca","Aves",55,312,0.920447074293228,219,0.0363636363636364,0.0181818181818182,"Type II",0.058077515292004
"Lemur catta","Mammalia",290,444,4.43786982248521,2555,0.472413793103448,0.241379310344828,"Trending toward Type I",0.186849249085765
"Leontopithecus chrysomelas","Mammalia",247,384,4.35228796844181,535,0.287449392712551,0.109311740890688,"Type II",0.010522313298606
"Leucopsar rothschildi","Aves",81,264,0.427350427350427,95,0.160493827160494,0.123456790123457,"Trending toward Type I",0.226234895682947
"Litocranius walleri","Mammalia",142,186,6.70611439842209,43500,0.112676056338028,0.028169014084507,"Type II",0.0968942179670292
"Lontra canadensis","Mammalia",169,276,2.03813280736358,9000,0.301775147928994,0.183431952662722,"Trending toward Type I",0.189697409387996
"Lycaon pictus","Mammalia",214,168,2.36686390532544,26500,0.705607476635514,0.453271028037383,"Type I",0.302693878991951
"Macropus eugenii","Mammalia",56,228,0.920447074293228,6500,0.107142857142857,0.0892857142857143,"Type II",0.0584161995122645
"Mandrillus sphinx","Mammalia",121,444,5.6870479947403,23000,0.396694214876033,0.132231404958678,"Trending toward Type I",0.228016225449448
"Megascops asio","Aves",57,324,0.953320184089415,164.1,0.210526315789474,0.140350877192982,"Trending toward Type I",0.107654782612303
"Meleagris gallopavo","Aves",120,300,0.920447074293228,6050,0.216666666666667,0.175,"Type II",-0.0806107492404383
"Melopsittacus undulatus","Aves",994,1205.33,0.591715976331361,30,0.621730382293763,0.437625754527163,"Type III",-0.397161404624299
"Morelia viridis","Reptilia",122,384,1.82445759368836,3113,0.147540983606557,0.139344262295082,"Type II",0.0709304530264079
"Mus musculus","Mammalia",198,96,0.624589086127548,20.5,0.792929292929293,0.439393939393939,"Trending toward Type III",-0.141617551176079
"Mustela nigripes","Mammalia",172,102,1.41354372123603,1021,0.366279069767442,0.191860465116279,"Trending toward Type I",0.285110820501753
"Mustela putorius","Mammalia",7322,168,1.38067061143984,809,0.853591914777383,0.500546298825458,"Trending toward Type I",0.134142239880448
"Nanger dama","Mammalia",134,228,6.83760683760684,73000,0.149253731343284,0.0373134328358209,"Trending toward Type I",0.172115573560405
"Neophema splendida","Aves",49,132,NA,38.6,0.102040816326531,0.0408163265306122,"Trending toward Type III",-0.103388431341018
"Notamacropus rufogriseus","Mammalia",91,300,0.953320184089415,16200,0.0989010989010989,0.0549450549450549,"Trending toward Type III",-0.10726924834009
"Nymphicus hollandicus","Aves",1303,852,NA,90,0.591711435149655,0.3960092095165,"Trending toward Type III",-0.206352003513064
"Oryctolagus cuniculus","Mammalia",2825,180,0.986193293885602,1800,0.753982300884956,0.463362831858407,"Trending toward Type I",0.212619588950943
"Osphranter robustus","Mammalia",90,240,1.05193951347797,30000,0.255555555555556,0.2,"Trending toward Type I",0.175246174900484
"Osphranter rufus","Mammalia",202,228,1.08481262327416,55000,0.168316831683168,0.103960396039604,"Type II",0.0599174770749966
"Ovis aries","Mammalia",195,300,4.79947403024326,80000,0.441025641025641,0.256410256410256,"Trending toward Type I",0.146251699834642
"Ovis canadensis","Mammalia",68,231.37,5.91715976331361,70275,0.132352941176471,0.0441176470588235,"Type II",0.0930552292443946
"Oxyura jamaicensis","Aves",128,300,0.756081525312295,542,0.0859375,0.03125,"Type II",-0.0416931622414938
"Pan troglodytes","Mammalia",247,876,7.52794214332676,44983.5,0.445344129554656,0.0850202429149798,"Trending toward Type I",0.154551609884025
"Panthera leo","Mammalia",345,336,3.58316896778435,175000,0.747826086956522,0.460869565217391,"Trending toward Type I",0.224655055696881
"Panthera onca","Mammalia",112,312,3.25443786982248,81150,0.633928571428571,0.428571428571429,"Trending toward Type I",0.266457570934815
"Panthera pardus","Mammalia",206,300,3.18869165023011,53750,0.796116504854369,0.480582524271845,"Trending toward Type I",0.277798299712809
"Panthera tigris","Mammalia",360,312,3.45167652859961,119700,0.586111111111111,0.369444444444444,"Trending toward Type I",0.237440927023817
"Panthera uncia","Mammalia",215,264,3.15581854043392,50000,0.665116279069767,0.330232558139535,"Type I",0.32041575463719
"Pantherophis guttatus","Reptilia",211,312,1.69296515450362,900,0.421800947867299,0.270142180094787,"Trending toward Type I",0.239048407796447
"Petaurus breviceps","Mammalia",220,156,0.525969756738987,110,0.577272727272727,0.336363636363636,"Trending toward Type I",0.129464314415384
"Phacochoerus africanus","Mammalia",78,216,5.39119000657462,1e+05,0.615384615384615,0.333333333333333,"Trending toward Type I",0.268294750513258
"Phoenicopterus chilensis","Aves",246,600,NA,2277,0.105691056910569,0.0609756097560976,"Trending toward Type I",0.126081840214227
"Phoenicopterus ruber","Aves",264,648,NA,3065.8,0.121212121212121,0.0757575757575758,"Trending toward Type I",0.133358850008248
"Phyllomedusa bicolor","Amphibia",41,132,NA,NA,0.195121951219512,0.121951219512195,"Type II",0.0738156178795245
"Pipa pipa","Amphibia",55,156,NA,NA,0.0727272727272727,0.0363636363636364,"Type II",-0.0304640911788387
"Platalea ajaja","Aves",130,408,0.756081525312295,1036.97,0.184615384615385,0.0384615384615385,"Trending toward Type I",0.110744860260293
"Procavia capensis","Mammalia",83,174,7.06771860618014,3600,0.192771084337349,0.108433734939759,"Type II",0.0533778363444776
"Pteropus rodricensis","Mammalia",66,276,6.50887573964497,350,0.0909090909090909,0.0454545454545455,"Trending toward Type I",0.282066292581609
"Pusa hispida","Mammalia",53,204,8.25115055884287,90000,0.150943396226415,0.113207547169811,"Type II",0.0856770792281674
"Rattus norvegicus","Mammalia",1308,1205.37,0.690335305719921,300,0.796636085626911,0.319571865443425,"Type III",-0.36030430536948
"Rousettus aegyptiacus","Mammalia",99,300,3.81328073635766,125,0.262626262626263,0.191919191919192,"Type II",0.0669082571793591
"Rousettus lanosus","Mammalia",34,168,NA,103,0.264705882352941,0.147058823529412,"Trending toward Type I",0.235170761141907
"Saguinus oedipus","Mammalia",182,300,5.85141354372124,445.5,0.291208791208791,0.153846153846154,"Trending toward Type I",0.200420968955577
"Saimiri sciureus","Mammalia",166,408,5.29257067718606,925,0.331325301204819,0.0783132530120482,"Trending toward Type I",0.180586031618415
"Sceloporus cyanogenys","Reptilia",35,108,NA,35.59,0.228571428571429,0.0285714285714286,"Type II",0.0937373749189498
"Spheniscus humboldti","Aves",299,492,NA,4379,0.147157190635452,0.117056856187291,"Type II",0.0707748235015124
"Suricata suricatta","Mammalia",234,204,2.53122945430638,776,0.41025641025641,0.239316239316239,"Trending toward Type I",0.218875131590012
"Sylvilagus transitionalis","Mammalia",101,54,0.920447074293228,902.6,0.148514851485149,0.0594059405940594,"Type II",-0.0367714184064774
"Taurotragus derbianus","Mammalia",34,192,8.67850098619329,680000,0.0588235294117647,0.0294117647058824,"Trending toward Type I",0.14663354613956
"Tragelaphus strepsiceros","Mammalia",144,222,7.49506903353057,217500,0.152777777777778,0.0138888888888889,"Trending toward Type I",0.194580289861132
"Trichoglossus haematodus","Aves",167,276,NA,115.1,0.161676646706587,0.0359281437125748,"Type II",-0.0532020596068599
"Trichoglossus moluccanus","Aves",156,216,NA,119.55,0.0897435897435897,0.0192307692307692,"Type II",-0.00857884195950531
"Ursus maritimus","Mammalia",105,408,2.13675213675214,475000,0.523809523809524,0.247619047619048,"Type I",0.303385420223495
"Varecia variegata","Mammalia",161,408,3.2215647600263,3482.3,0.484472049689441,0.192546583850932,"Trending toward Type I",0.266943114779727
"Vicugna pacos","Mammalia",316,205.36,11.3412228796844,62000,0.984177215189873,0.427215189873418,"Type I",0.306390961574609
"Zalophus californianus","Mammalia",296,408,8.51413543721236,180000,0.29054054054054,0.195945945945946,"Trending toward Type I",0.291056790290635
