Cancer_Type,Slope
melanoma,0.001447209388011168
carcinoma,-7.065380984611611e-4
lymphoma,-4.798191161216512e-4
adenocarcinoma,0.0019855696476726073
leukemia,0.0015184735168814916
cholangiocarcinoma,5.811024161996e-4
leiomyosarcoma,1.2648857695127592e-5
fibrosarcoma,0.002998159004200352
sarcoma,-0.003183470232695446
lymphosarcoma,-1.3484428958030379e-4
hemangiosarcoma,2.8533592036753815e-5
osteosarcoma,0.0028398396245997663
liposarcoma,-2.512237763545478e-4
seminoma,6.701238729523605e-4
insulinoma,-1.0502305770130523e-4
anaplastic,7.759386757705407e-4
mesothelioma,0.001743601124418283
cystadenocarcinoma,1.0271946034264374e-4
dysgerminoma,-2.9506495243745215e-5
histiocytic sarcoma,0.0018397036501064021
rhabdomyosarcoma,-0.015259047346461347
Adenocarcinoma,0.0019855696476726073
Leiomyosarcoma,1.2648857695127592e-5
Fibrosarcoma,0.002998159004200352
Carcinoma,-7.065380984611611e-4
Lymphoma,-4.798191161216512e-4
Neoplasia,1.368493610361201e-4
Sarcoma,-0.003183470232695446
Melanoma,0.001447209388011168
,-0.006809039971657774
