Species,hemangiosarcoma_count,total_count,proportion
Lycaon pictus,13,93,0.13978494623655913
Lampropeltis zonata,1,12,0.08333333333333333
Branta hutchinsii,1,13,0.07692307692307693
Camelus dromedarius,1,14,0.07142857142857142
Bassariscus sumichrasti,1,16,0.0625
Leptoptilos crumenifer,1,17,0.058823529411764705
Trimeresurus trigonocephalus,1,17,0.058823529411764705
Echinops telfairi,1,18,0.05555555555555555
Tiliqua scincoides,2,37,0.05405405405405406
Furcifer oustaleti,1,19,0.05263157894736842
Lonchura oryzivora,1,19,0.05263157894736842
Tenrec ecaudatus,1,19,0.05263157894736842
Varanus komodoensis,1,19,0.05263157894736842
Pecari tajacu,1,20,0.05
Thamnophis sirtalis,1,21,0.047619047619047616
Crotaphytus collaris,1,23,0.043478260869565216
Crotalus adamanteus,1,26,0.038461538461538464
Canis lupus,7,184,0.03804347826086957
Athene cunicularia,1,27,0.037037037037037035
Canis latrans,1,29,0.034482758620689655
Crotalus molossus,1,34,0.029411764705882353
Pygocentrus nattereri,1,37,0.02702702702702703
Brachylagus idahoensis,1,40,0.025
Atelerix albiventris,9,367,0.02452316076294278
Tragelaphus eurycerus,1,46,0.021739130434782608
Sus scrofa,1,49,0.02040816326530612
Cavia fulgida,6,306,0.0196078431372549
Leucopsar rothschildi,1,51,0.0196078431372549
Panthera pardus,1,58,0.017241379310344827
Lampropeltis getula,1,61,0.01639344262295082
Mus musculus,1,76,0.013157894736842105
Gallus gallus,5,414,0.012077294685990338
Mustela putorius,8,774,0.0103359173126615
Phoenicopterus chilensis,1,104,0.009615384615384616
Pantherophis guttatus,1,106,0.009433962264150943
Cynomys ludovicianus,1,117,0.008547008547008548
Leontopithecus chrysomelas,1,125,0.008
Capra hircus,2,260,0.007692307692307693
Panthera leo,1,130,0.007692307692307693
Panthera tigris,1,137,0.0072992700729927005
Rattus norvegicus,2,420,0.004761904761904762
Oryctolagus cuniculus,2,430,0.004651162790697674
Acanthophis antarcticus,1,NA,NA
Argyrosomus japonicus,1,NA,NA
Bubo lacteus,1,NA,NA
Cryptoprocta ferox,1,NA,NA
Equus zebra,1,NA,NA
Glossophaga soricina,1,NA,NA
Lophocebus aterrimus,4,NA,NA
Nerodia clarkii,2,NA,NA
Papio hamadryas,1,NA,NA
Psilopogon pyrolophus,1,NA,NA
Ramphastos swainsonii,1,NA,NA
