Species,cancer_count,total_count,proportion,Gestation
Vicugna pacos,3,73,0.0410958904109589,11.341222879684418
Canis lupus,3,184,0.016304347826086956,2.0381328073635765
Macaca mulatta,1,74,0.013513513513513514,5.424063116370808
Didelphis marsupialis,3,254,0.011811023622047244,0.3944773175542406
Lontra canadensis,1,90,0.011111111111111112,2.0381328073635765
Atelerix albiventris,4,367,0.010899182561307902,1.1505588428665352
Suricata suricatta,1,160,0.00625,2.531229454306377
Cavia fulgida,1,306,0.0032679738562091504,-1
Oryctolagus cuniculus,1,430,0.002325581395348837,0.9861932938856016
Capra nubiana,1,NA,NA,4.930966469428007
Colobus guereza,1,NA,NA,5.752794214332676
Otocyon megalotis,1,NA,NA,2.235371466140697
Peromyscus leucopus,1,NA,NA,0.8547008547008547
Phascolarctos cinereus,1,NA,NA,1.0190664036817882
NA,1,NA,NA,-1
