"Species","Normal_RAGE","Normal_Type","Normal_N","Malignant_RAGE","Malignant_Type","Malignant_N","Benign_RAGE","Benign_Type","Benign_N","Neoplasia_RAGE","Neoplasia_Type","Neoplasia_N","Neoplasia_Prevalence","Malignant_Prevalence"
"Ailurus fulgens",0.298717082240899,"Trending I",47,0.378339525535085,"Type I",6,0.368710762224189,"Type I",13,0.389117680244954,"Type I",19,0.404255319148936,0.127659574468085
"Diceros bicornis",0.0334847733691669,"Type II",22,0.134498750024039,"Trending I",8,-0.355,"Type III",2,0.0870614197917816,"Type II",10,0.454545454545455,0.363636363636364
"Didelphis marsupialis",0.34578033858403,"Type I",235,0.293278567699149,"Trending I",104,0.307064759930258,"Type I",61,0.366242501485832,"Type I",165,0.702127659574468,0.442553191489362
"Panthera pardus",0.170459240570925,"Trending I",57,0.201609019332261,"Trending I",30,0.0976859661990035,"Type II",15,0.177869412669926,"Trending I",45,0.789473684210526,0.526315789473684
"Panthera tigris",0.265741235826922,"Trending I",136,0.230699878974171,"Trending I",57,0.251128315904292,"Trending I",27,0.272131133299802,"Trending I",84,0.617647058823529,0.419117647058824
"Poephila acuticauda",NA,NA,31,NA,NA,1,NA,NA,1,NA,NA,2,0.0645161290322581,0.032258064516129
"Acinonyx jubatus",0.279475473788031,"Trending I",75,0.314815494734143,"Type I",18,0.246930562378533,"Trending I",24,0.284648754563038,"Trending I",42,0.56,0.24
"Acrantophis dumerili",0.260830589893904,"Trending I",22,0.351690682905762,"Type I",7,-0.0485863626428381,"Type II",3,0.273892915801331,"Trending I",10,0.454545454545455,0.318181818181818
"Acryllium vulturinum",NA,NA,33,NA,NA,4,NA,NA,4,NA,NA,8,0.242424242424242,0.121212121212121
"Actinemys marmorata",-0.244592276856807,"Trending III",26,NA,NA,0,NA,NA,0,NA,NA,0,0,0
"Addax nasomaculatus",0.165753502025986,"Trending I",56,0.279524123478072,"Trending I",7,0.0833803994426606,"Type II",8,0.204022276779306,"Trending I",15,0.267857142857143,0.125
"Aepyceros melampus",0.0892023384868215,"Type II",70,0.076160232732991,"Type II",25,-0.00244840559434445,"Type II",7,0.0742596326856431,"Type II",32,0.457142857142857,0.357142857142857
"Agapornis fischeri",0.158083273651878,"Trending I",51,0.135,"Trending I",3,0.115320844985564,"Trending I",5,0.159616737103071,"Trending I",8,0.156862745098039,0.0588235294117647
"Agkistrodon contortrix",0.0518490545863772,"Type II",24,NA,NA,1,0.0716462225858678,"Type II",9,0.0743185285960689,"Type II",10,0.416666666666667,0.0416666666666667
"Aix sponsa",0.12379383948481,"Trending I",25,0.03,"Type II",2,-0.115,"Trending III",2,0.00877945840785277,"Type II",4,0.16,0.08
"Alligator mississippiensis",-0.297557600756973,"Trending III",71,NA,NA,0,NA,NA,0,NA,NA,0,0,0
"Alouatta caraya",0.199710103823671,"Trending I",32,0.159929653251356,"Trending I",8,0.234983134823178,"Trending I",5,0.230441790930793,"Trending I",13,0.40625,0.25
"Amazona aestiva",-0.03344922532626,"Type II",37,0.0610113156513997,"Type II",7,NA,NA,0,0.0610113156513997,"Type II",7,0.189189189189189,0.189189189189189
"Amazona auropalliata",0.0794947081182673,"Type II",21,0.19858289989917,"Trending I",6,NA,NA,0,0.19858289989917,"Trending I",6,0.285714285714286,0.285714285714286
"Amazona oratrix",0.0834217731224912,"Type II",60,0.07102767094457,"Type II",18,-0.0666812139743284,"Type II",3,0.0695924975242183,"Type II",21,0.35,0.3
"Ammotragus lervia",0.264801788624849,"Trending I",38,0.339017678510813,"Type I",8,0.165037803113789,"Trending I",11,0.263730719100171,"Trending I",19,0.5,0.210526315789474
"Anas acuta",-0.0425646413290681,"Type II",21,-0.155,"Trending III",3,NA,NA,1,-0.148333333333333,"Trending III",4,0.19047619047619,0.142857142857143
"Anas platyrhynchos",-0.0280819215598563,"Type II",47,-0.0917765251409592,"Type II",18,-0.176927388700548,"Trending III",8,-0.0969305068571336,"Type II",26,0.553191489361702,0.382978723404255
"Anodorhynchus hyacinthinus",0.195743498111512,"Trending I",33,0.265,"Trending I",7,0.185215235183198,"Trending I",4,0.271555277890878,"Trending I",11,0.333333333333333,0.212121212121212
"Anolis equestris",0.132733727988538,"Trending I",21,NA,NA,1,NA,NA,1,-0.045,"Type II",2,0.0952380952380952,0.0476190476190476
"Antilocapra americana",0.0513233670043658,"Type II",37,0.107015041697917,"Trending I",4,NA,NA,1,0.0506119564360872,"Type II",5,0.135135135135135,0.108108108108108
"Antilope cervicapra",0.160660413919558,"Trending I",83,0.096846827873907,"Type II",15,-0.00527873597255357,"Type II",7,0.10390154074314,"Trending I",22,0.265060240963855,0.180722891566265
"Aonyx cinereus",0.190678222125883,"Trending I",28,0.135657119164195,"Trending I",6,0.152106465585939,"Trending I",7,0.19755747916721,"Trending I",13,0.464285714285714,0.214285714285714
"Ara ambiguus",0.159509490186664,"Trending I",21,NA,NA,4,NA,NA,1,0.225,"Trending I",5,0.238095238095238,0.19047619047619
"Ara ararauna",0.155856038360818,"Trending I",74,0.123229344577,"Trending I",9,0.08,"Type II",2,0.134616248517194,"Trending I",11,0.148648648648649,0.121621621621622
"Ara chloropterus",-0.0186726432235038,"Type II",26,-0.143139965056189,"Trending III",5,NA,NA,1,-0.0976874423241815,"Type II",6,0.230769230769231,0.192307692307692
"Ara macao",0.164695356864926,"Trending I",39,0.165,"Trending I",2,0.154248125036058,"Trending I",4,0.182572279791106,"Trending I",6,0.153846153846154,0.0512820512820513
"Aratinga solstitialis",NA,NA,77,NA,NA,2,NA,NA,3,NA,NA,5,0.0649350649350649,0.025974025974026
"Artibeus jamaicensis",0.223855856573378,"Trending I",53,0.224248125036058,"Trending I",4,0.134127833439103,"Trending I",4,0.182841793312817,"Trending I",8,0.150943396226415,0.0754716981132075
"Asarcornis scutulata",NA,NA,35,NA,NA,3,NA,NA,0,NA,NA,3,0.0857142857142857,0.0857142857142857
"Astrochelys radiata",0.0022603636599241,"Type II",22,-0.0327343333141025,"Type II",4,NA,NA,0,-0.0327343333141025,"Type II",4,0.181818181818182,0.181818181818182
"Atelerix albiventris",0.00744172738718663,"Type II",347,0.00966476817109624,"Type II",192,-0.061019771858419,"Type II",43,0.00943333832543763,"Type II",235,0.677233429394813,0.553314121037464
"Ateles geoffroyi",0.294081560015558,"Trending I",27,0.299837162054829,"Trending I",13,0.246688437193818,"Trending I",7,0.32985805557153,"Type I",20,0.740740740740741,0.481481481481481
"Ateles paniscus",0.235710377074117,"Trending I",28,0.218655031265455,"Trending I",7,0.0984606021368076,"Type II",13,0.159269583376957,"Trending I",20,0.714285714285714,0.25
"Athene cunicularia",0.410644464197458,"Type I",26,0.371240625180289,"Type I",10,NA,NA,1,0.385358984743306,"Type I",11,0.423076923076923,0.384615384615385
"Axis axis",0.134646564039275,"Trending I",21,0.365,"Type I",3,0.206336132445107,"Trending I",8,0.248190468563373,"Trending I",11,0.523809523809524,0.142857142857143
"Bitis nasicornis",0.125166178157286,"Trending I",36,0.245,"Trending I",6,0.0283333333333333,"Type II",4,0.112370561446908,"Trending I",10,0.277777777777778,0.166666666666667
"Boa constrictor",0.0448434961263525,"Type II",75,0.0784033443856069,"Type II",17,0.0560428425787795,"Type II",8,0.0729110262180032,"Type II",25,0.333333333333333,0.226666666666667
"Bogertophis subocularis",0.231365659295701,"Trending I",22,0.197955041616222,"Trending I",10,0.180849625007212,"Trending I",4,0.235968188386407,"Trending I",14,0.636363636363636,0.454545454545455
"Bothriechis schlegelii",0.0795689535223976,"Type II",29,-0.140360536964281,"Trending III",3,NA,NA,0,-0.140360536964281,"Trending III",3,0.103448275862069,0.103448275862069
"Brachylagus idahoensis",0.291431206725191,"Trending I",32,NA,NA,1,0.329524773320131,"Type I",9,0.329524773320131,"Type I",10,0.3125,0.03125
"Branta ruficollis",NA,NA,24,NA,NA,0,NA,NA,0,NA,NA,0,0,0
"Bubo virginianus",0.342613564076119,"Type I",23,0.295,"Trending I",2,0.26,"Trending I",2,0.318463666724359,"Type I",4,0.173913043478261,0.0869565217391304
"Buteo jamaicensis",0.32031956737082,"Type I",21,0.278022562546875,"Trending I",9,0.415,"Type I",2,0.3366765828169,"Type I",11,0.523809523809524,0.428571428571429
"Cacatua moluccensis",-0.112423550426992,"Trending III",69,-0.137740824535622,"Trending III",7,-0.11935029105651,"Trending III",13,-0.104087683958658,"Trending III",20,0.289855072463768,0.101449275362319
"Cacatua sulphurea",0.0561315715477264,"Type II",22,NA,NA,1,0.0119749151498618,"Type II",6,0.101654384239579,"Trending I",7,0.318181818181818,0.0454545454545455
"Callimico goeldii",0.161579119044284,"Trending I",21,NA,NA,1,0.112558648194218,"Trending I",5,0.0709159666393713,"Type II",6,0.285714285714286,0.0476190476190476
"Callithrix geoffroyi",0.132200308945073,"Trending I",24,NA,NA,0,0.125,"Trending I",2,0.125,"Trending I",2,0.0833333333333333,0
"Callosciurus prevostii",0.0867138287304529,"Type II",22,0.065,"Type II",4,0.0224589029990914,"Type II",5,0.0582135621395047,"Type II",9,0.409090909090909,0.181818181818182
"Canis latrans",0.17342702860333,"Trending I",25,0.144766600048714,"Trending I",10,0.325,"Type I",2,0.198544704882332,"Trending I",12,0.48,0.4
"Canis lupus",0.23074200482633,"Trending I",177,0.160164018354457,"Trending I",86,0.211272725098975,"Trending I",28,0.229576987027831,"Trending I",114,0.644067796610169,0.485875706214689
"Capra hircus",0.167860892101808,"Trending I",255,0.167682793644713,"Trending I",86,0.196402148097309,"Trending I",70,0.178723073075373,"Trending I",156,0.611764705882353,0.337254901960784
"Capra nubiana",0.246576531216636,"Trending I",30,0.297020867964289,"Trending I",3,0.253976145663945,"Trending I",3,0.314526006195579,"Type I",6,0.2,0.1
"Carollia perspicillata",0.0696387908318504,"Type II",28,-0.145,"Trending III",6,0.1201123953171,"Trending I",5,0.0708312199113183,"Type II",11,0.392857142857143,0.214285714285714
"Castor canadensis",0.043220846272489,"Type II",27,NA,NA,0,NA,NA,1,NA,NA,1,0.037037037037037,0
"Cavia fulgida",NA,NA,289,NA,NA,106,NA,NA,65,NA,NA,171,0.591695501730104,0.366782006920415
"Cavia porcellus",0.160165002837724,"Trending I",46,-0.020073424505773,"Type II",19,-0.0796598143060425,"Type II",10,0.0313344755908245,"Type II",29,0.630434782608696,0.41304347826087
"Cebuella pygmaea",0.120652243601656,"Trending I",67,NA,NA,1,0.0685476804341146,"Type II",7,0.0682793765483368,"Type II",8,0.119402985074627,0.0149253731343284
"Centrochelys sulcata",-0.181978257468385,"Trending III",24,-0.25,"Trending III",2,-0.37,"Type III",8,-0.313488188796639,"Type III",10,0.416666666666667,0.0833333333333333
"Cephalophus rufilatus",0.113495155644684,"Trending I",23,NA,NA,0,-0.277705068310384,"Trending III",3,-0.277705068310384,"Trending III",3,0.130434782608696,0
"Cephalophus silvicultor",0.200532911274463,"Trending I",25,0.104792403682568,"Trending I",10,NA,NA,1,0.190258877106183,"Trending I",11,0.44,0.4
"Ceratophrys ornata",0.0201794443328803,"Type II",21,-0.155,"Trending III",2,NA,NA,0,-0.155,"Trending III",2,0.0952380952380952,0.0952380952380952
"Cercopithecus hamlyni",0.169376079593471,"Trending I",24,0.18,"Trending I",2,0.19440227289286,"Trending I",3,0.231008635807793,"Trending I",5,0.208333333333333,0.0833333333333333
"Cervus nippon",0.151551742979547,"Trending I",24,0.170137363479203,"Trending I",8,0.015,"Type II",2,0.179525114991429,"Trending I",10,0.416666666666667,0.333333333333333
"Chalcophaps indica",NA,NA,22,NA,NA,1,NA,NA,0,NA,NA,1,0.0454545454545455,0.0454545454545455
"Chamaeleo calyptratus",NA,NA,30,NA,NA,6,NA,NA,2,NA,NA,8,0.266666666666667,0.2
"Chelus fimbriatus",0.0854522872335839,"Type II",25,NA,NA,2,NA,NA,0,NA,NA,2,0.08,0.08
"Chinchilla brevicaudata",0.167490449547209,"Trending I",89,0.0838254399413907,"Type II",6,-0.0403759374819711,"Type II",4,0.109511703622219,"Trending I",10,0.112359550561798,0.0674157303370786
"Chlamydosaurus kingii",0.185426306198652,"Trending I",28,0.055,"Type II",2,NA,NA,3,0.159741122893817,"Trending I",5,0.178571428571429,0.0714285714285714
"Choloepus didactylus",0.0621955869168421,"Type II",28,-0.0366014876606086,"Type II",9,0.106454324702452,"Trending I",3,0.0592382183606286,"Type II",12,0.428571428571429,0.321428571428571
"Chrotopterus auritus",NA,NA,28,NA,NA,1,NA,NA,1,NA,NA,2,0.0714285714285714,0.0357142857142857
"Chrysocyon brachyurus",0.287188566759219,"Trending I",67,0.314074619822197,"Type I",40,0.267159186011916,"Trending I",13,0.303594919758681,"Type I",53,0.791044776119403,0.597014925373134
"Colobus guereza",0.188119224332639,"Trending I",62,-0.0352506249879807,"Type II",5,0.0917318333621795,"Type II",4,0.0856056551284693,"Type II",9,0.145161290322581,0.0806451612903226
"Columba livia",-0.225950783200057,"Trending III",35,-0.262834540042163,"Trending III",6,-0.168333333333333,"Trending III",4,-0.197983524118548,"Trending III",10,0.285714285714286,0.171428571428571
"Conepatus semistriatus",NA,NA,27,NA,NA,7,NA,NA,7,NA,NA,14,0.518518518518518,0.259259259259259
"Connochaetes taurinus",0.201801006349862,"Trending I",35,NA,NA,1,NA,NA,1,0.12,"Trending I",2,0.0571428571428571,0.0285714285714286
"Coracias cyanogaster",NA,NA,24,NA,NA,0,NA,NA,1,NA,NA,1,0.0416666666666667,0
"Corallus annulatus",0.0600609434704203,"Type II",23,NA,NA,0,NA,NA,0,NA,NA,0,0,0
"Corallus caninus",0.257629030034838,"Trending I",62,0.145,"Trending I",4,0.355948760571433,"Type I",3,0.293405934844036,"Trending I",7,0.112903225806452,0.0645161290322581
"Crotalus adamanteus",0.244308366367067,"Trending I",25,0.296053100392881,"Trending I",9,NA,NA,0,0.296053100392881,"Trending I",9,0.36,0.36
"Crotalus horridus",0.128247768047132,"Trending I",34,0.129499298990047,"Trending I",10,-0.135,"Trending III",2,0.11123112991598,"Trending I",12,0.352941176470588,0.294117647058824
"Crotalus lepidus",-0.049240114449738,"Type II",48,-0.168300749985577,"Trending III",4,0.005,"Type II",2,-0.0573056730272248,"Type II",6,0.125,0.0833333333333333
"Crotalus molossus",0.279239281647528,"Trending I",29,0.22109662125158,"Trending I",8,0.055,"Type II",2,0.208936388900808,"Trending I",10,0.344827586206897,0.275862068965517
"Crotalus polystictus",0.0788202138685347,"Type II",39,NA,NA,0,NA,NA,1,NA,NA,1,0.0256410256410256,0
"Cygnus melancoryphus",0.214697391950141,"Trending I",26,0.23184827970831,"Trending I",6,NA,NA,0,0.23184827970831,"Trending I",6,0.230769230769231,0.230769230769231
"Cynomys ludovicianus",0.19744551511493,"Trending I",90,0.106578688405642,"Trending I",38,0.188073543929088,"Trending I",16,0.219487471229308,"Trending I",54,0.6,0.422222222222222
"Dacelo leachii",NA,NA,37,NA,NA,7,NA,NA,4,NA,NA,11,0.297297297297297,0.189189189189189
"Dacnis lineata",NA,NA,38,NA,NA,0,NA,NA,1,NA,NA,1,0.0263157894736842,0
"Dasyprocta punctata",0.232612233148046,"Trending I",40,0.294119242546189,"Trending I",16,0.160733591553652,"Trending I",7,0.292267402727872,"Trending I",23,0.575,0.4
"Dendrocygna autumnalis",0.299981095439663,"Trending I",131,0.38642314085715,"Type I",14,NA,NA,11,0.38642314085715,"Type I",25,0.190839694656489,0.106870229007634
"Dendrolagus goodfellowi",0.207906459498324,"Trending I",23,0.135,"Trending I",2,0.172799500009615,"Trending I",5,0.19798685891308,"Trending I",7,0.304347826086957,0.0869565217391304
"Ducula forsteni",NA,NA,79,NA,NA,5,NA,NA,12,NA,NA,17,0.215189873417722,0.0632911392405063
"Eclectus roratus",0.0276304564711206,"Type II",71,-0.0600011398909656,"Type II",5,-0.160275930383668,"Trending III",7,-0.0809253614221863,"Type II",12,0.169014084507042,0.0704225352112676
"Eidolon helvum",0.226982889096069,"Trending I",55,0.055,"Type II",2,NA,NA,1,0.00333016550000403,"Type II",3,0.0545454545454545,0.0363636363636364
"Elgaria kingii",-0.0217807809445473,"Type II",23,-0.0549999999999999,"Type II",2,NA,NA,0,-0.0549999999999999,"Type II",2,0.0869565217391304,0.0869565217391304
"Enhydra lutris",0.251202269847587,"Trending I",28,0.425,"Type I",4,0.0721240625180289,"Type II",8,0.295715123109522,"Trending I",12,0.428571428571429,0.142857142857143
"Eos bornea",-0.0329126907371822,"Type II",66,NA,NA,2,-0.164433583328526,"Trending III",4,-0.0186536540298204,"Type II",6,0.0909090909090909,0.0303030303030303
"Equus grevyi",0.254112087366056,"Trending I",30,0.265947987608842,"Trending I",6,0.015,"Type II",2,0.239909781302284,"Trending I",8,0.266666666666667,0.2
"Equus quagga",0.203745488854281,"Trending I",22,0.315,"Type I",2,NA,NA,1,0.0345066127143076,"Type II",3,0.136363636363636,0.0909090909090909
"Erethizon dorsatum",0.149382404836343,"Trending I",23,0.00905997632781347,"Type II",7,NA,NA,1,0.0060516388352212,"Type II",8,0.347826086956522,0.304347826086957
"Erpeton tentaculatum",0.176951199398826,"Trending I",40,NA,NA,0,NA,NA,0,NA,NA,0,0,0
"Erythrocebus patas",0.324019632637796,"Type I",25,0.272894294565113,"Trending I",6,0.358092405548703,"Type I",7,0.347248685544447,"Type I",13,0.52,0.24
"Chloebia gouldiae",NA,NA,170,NA,NA,19,NA,NA,4,NA,NA,23,0.135294117647059,0.111764705882353
"Erythrura psittacea",NA,NA,26,NA,NA,1,NA,NA,0,NA,NA,1,0.0384615384615385,0.0384615384615385
"Eublepharis macularius",0.052059062059817,"Type II",62,-0.142752801040644,"Trending III",5,-0.0662834548274019,"Type II",11,-0.0717297433605113,"Type II",16,0.258064516129032,0.0806451612903226
"Eudocimus ruber",0.178659440547859,"Trending I",78,-0.165,"Trending III",2,-0.195,"Trending III",3,-0.176938200260161,"Trending III",5,0.0641025641025641,0.0256410256410256
"Eudorcas thomsonii",0.289350909889812,"Trending I",63,0.211190420916789,"Trending I",15,0.29684270445472,"Trending I",8,0.305997236489686,"Type I",23,0.365079365079365,0.238095238095238
"Eudyptes chrysocome",NA,NA,29,NA,NA,2,NA,NA,1,NA,NA,3,0.103448275862069,0.0689655172413793
"Euphonia violacea",NA,NA,32,NA,NA,0,NA,NA,1,NA,NA,1,0.03125,0
"Felis catus",-0.086970942407168,"Type II",26,-0.0365416085484221,"Type II",6,-0.263867166657051,"Trending III",4,-0.076239204503776,"Type II",10,0.384615384615385,0.230769230769231
"Forpus coelestis",0.115763881016786,"Trending I",37,0.225,"Trending I",4,NA,NA,1,0.0711198178389765,"Type II",5,0.135135135135135,0.108108108108108
"Furcifer pardalis",0.192188014132324,"Trending I",45,0.179862614084372,"Trending I",8,0.17,"Trending I",2,0.210812251606222,"Trending I",10,0.222222222222222,0.177777777777778
"Gallus gallus",-0.141860924657804,"Trending III",381,-0.177237529128789,"Trending III",168,-0.202433726290921,"Trending III",34,-0.161235633694233,"Trending III",202,0.530183727034121,0.440944881889764
"Giraffa camelopardalis",0.13999163395452,"Trending I",50,0.0793681836593192,"Type II",6,-0.0849391044660993,"Type II",5,0.0416360578068407,"Type II",11,0.22,0.12
"Gonocephalus chamaeleontinus",-0.104222330283462,"Trending III",61,-0.143703268477279,"Trending III",16,-0.228022153871076,"Trending III",15,-0.150700337201654,"Trending III",31,0.508196721311475,0.262295081967213
"Gopherus agassizii",-0.00391508343725833,"Type II",30,-0.095,"Type II",2,NA,NA,0,-0.095,"Type II",2,0.0666666666666667,0.0666666666666667
"Gorilla gorilla",0.234963731848777,"Trending I",54,0.258077677378767,"Trending I",11,0.159906172075771,"Trending I",11,0.249057311528236,"Trending I",22,0.407407407407407,0.203703703703704
"Haliaeetus leucocephalus",0.161165663443371,"Trending I",25,0.195,"Trending I",3,NA,NA,1,0.1744686536828,"Trending I",4,0.16,0.12
"Helarctos malayanus",0.314345757203094,"Type I",27,0.301266308011754,"Type I",19,NA,NA,1,0.307772627325959,"Type I",20,0.740740740740741,0.703703703703704
"Heloderma horridum",0.105269463898507,"Trending I",29,0.0611859507142915,"Type II",10,NA,NA,1,-0.0251804373954323,"Type II",11,0.379310344827586,0.344827586206897
"Heloderma suspectum",0.245858618641708,"Trending I",40,0.290650910921665,"Trending I",13,NA,NA,2,0.292358602161236,"Trending I",15,0.375,0.325
"Heterocephalus glaber",-0.0268175415825547,"Type II",45,-0.345,"Type III",2,-0.16,"Trending III",2,-0.208583958321314,"Trending III",4,0.0888888888888889,0.0444444444444444
"Heterodon nasicus",0.0359650544405135,"Type II",27,0.18,"Trending I",3,-0.0596664909443971,"Type II",10,0.0745842308736147,"Type II",13,0.481481481481481,0.111111111111111
"Hippotragus niger",0.298650494354597,"Trending I",39,0.283070904722062,"Trending I",11,0.390334752630571,"Type I",4,0.309654033417097,"Type I",15,0.384615384615385,0.282051282051282
"Hydrochoerus hydrochaeris",0.184486211772714,"Trending I",74,0.218797883014861,"Trending I",19,0.298710830642395,"Trending I",10,0.251205017208123,"Trending I",29,0.391891891891892,0.256756756756757
"Kobus ellipsiprymnus",0.147795281507737,"Trending I",70,0.0892667182575582,"Type II",19,0.0696250712799875,"Type II",11,0.0793250965119437,"Type II",30,0.428571428571429,0.271428571428571
"Kobus megaceros",0.243324604476794,"Trending I",33,0.227103523824279,"Trending I",10,0.279080280744246,"Trending I",6,0.27985617323491,"Trending I",16,0.484848484848485,0.303030303030303
"Lama glama",0.253888213401378,"Trending I",58,0.205491961470017,"Trending I",12,0.154672943915876,"Trending I",10,0.181575141581612,"Trending I",22,0.379310344827586,0.206896551724138
"Lampropeltis getula",0.11630070787494,"Trending I",55,0.0463203845794875,"Type II",34,0.015,"Type II",3,0.0485588843325429,"Type II",37,0.672727272727273,0.618181818181818
"Lampropeltis triangulum",0.250713168002677,"Trending I",75,0.204657513572885,"Trending I",27,0.31471610093085,"Type I",14,0.249678237295114,"Trending I",41,0.546666666666667,0.36
"Larosterna inca",0.159104094754094,"Trending I",40,NA,NA,1,NA,NA,1,0.38,"Type I",2,0.05,0.025
"Leiothrix lutea",0.151377702550823,"Trending I",25,NA,NA,0,NA,NA,1,NA,NA,1,0.04,0
"Lemur catta",0.232472917271091,"Trending I",139,0.247529201735585,"Trending I",47,0.0873663495093185,"Type II",27,0.232226886954689,"Trending I",74,0.532374100719424,0.338129496402878
"Leontopithecus chrysomelas",0.28882147425032,"Trending I",125,0.347575749291642,"Type I",22,0.298013364438071,"Trending I",25,0.335955179796266,"Type I",47,0.376,0.176
"Leopardus pardalis",0.271604331620868,"Trending I",22,0.262467405984931,"Trending I",8,0.175,"Trending I",2,0.311621892328476,"Type I",10,0.454545454545455,0.363636363636364
"Leptailurus serval",0.204580858181009,"Trending I",23,0.199188632372746,"Trending I",12,0.215,"Trending I",2,0.249110530551768,"Trending I",14,0.608695652173913,0.521739130434783
"Leucopsar rothschildi",0.202602158037442,"Trending I",48,0.141474608927925,"Trending I",6,-0.136099484093348,"Trending III",3,0.0898774218500497,"Type II",9,0.1875,0.125
"Litocranius walleri",0.131366860060188,"Trending I",76,-0.035,"Type II",3,-0.0910797097103305,"Type II",8,-0.0385083240834488,"Type II",11,0.144736842105263,0.0394736842105263
"Lontra canadensis",0.166543157628829,"Trending I",89,0.19304248344478,"Trending I",28,0.15366528020277,"Trending I",12,0.21394357578164,"Trending I",40,0.449438202247191,0.314606741573034
"Lophodytes cucullatus",0.24744044630324,"Trending I",23,0.18529086494049,"Trending I",3,0.075,"Type II",2,0.160822974459336,"Trending I",5,0.217391304347826,0.130434782608696
"Lycaon pictus",0.213432925229082,"Trending I",91,0.23949741658866,"Trending I",59,0.0661235078859524,"Type II",11,0.228685643956744,"Trending I",70,0.769230769230769,0.648351648351648
"Lynx rufus",0.134646095072866,"Trending I",33,0.107906238536529,"Trending I",8,0.140130926131995,"Trending I",14,0.147217591127215,"Trending I",22,0.666666666666667,0.242424242424242
"Macaca mulatta",-0.00796196450871356,"Type II",71,-0.0182802654934964,"Type II",6,-0.13,"Trending III",2,0.0154016207145852,"Type II",8,0.112676056338028,0.0845070422535211
"Macropus eugenii",0.232946263384978,"Trending I",36,0.225,"Trending I",4,NA,NA,0,0.225,"Trending I",4,0.111111111111111,0.111111111111111
"Osphranter robustus",0.196498966273735,"Trending I",63,0.218735008117021,"Trending I",17,0.140097750043269,"Trending I",4,0.268277371812097,"Trending I",21,0.333333333333333,0.26984126984127
"Notamacropus rufogriseus",0.0994353893540216,"Type II",59,0.273927892607144,"Trending I",3,NA,NA,1,0.273927892607144,"Trending I",4,0.0677966101694915,0.0508474576271186
"Osphranter rufus",-0.0113343710918608,"Type II",126,0.0842520462858868,"Type II",12,-0.0299917403922481,"Type II",7,0.0682291309428645,"Type II",19,0.150793650793651,0.0952380952380952
"Madoqua guentheri",0.281200790483834,"Trending I",25,0.289516116214296,"Trending I",6,0.0602178831451969,"Type II",4,0.250427014584114,"Trending I",10,0.4,0.24
"Mandrillus sphinx",0.236079543776615,"Trending I",41,0.169849343717703,"Trending I",9,0.146279977982331,"Trending I",9,0.193673528094207,"Trending I",18,0.439024390243902,0.219512195121951
"Megascops asio",0.270241073819095,"Trending I",37,0.231309260828135,"Trending I",5,0.1,"Trending I",2,0.261704613083114,"Trending I",7,0.189189189189189,0.135135135135135
"Meleagris gallopavo",0.307566752173373,"Type I",65,0.227613339610473,"Trending I",18,0.385,"Type I",2,0.242492299183398,"Trending I",20,0.307692307692308,0.276923076923077
"Melopsittacus undulatus",-0.118582536072107,"Trending III",310,-0.174038699350008,"Trending III",119,-0.231278674978926,"Trending III",31,-0.168970647986424,"Trending III",150,0.483870967741935,0.383870967741935
"Momotus momota",0.0752970631681339,"Type II",21,NA,NA,1,NA,NA,0,NA,NA,1,0.0476190476190476,0.0476190476190476
"Morelia spilota",0.204127504907747,"Trending I",38,0.0339868886996422,"Type II",9,0.115,"Trending I",2,0.0717718354379708,"Type II",11,0.289473684210526,0.236842105263158
"Morelia viridis",0.172207606873081,"Trending I",60,0.0662577963029098,"Type II",10,NA,NA,1,0.071493514144467,"Type II",11,0.183333333333333,0.166666666666667
"Muntiacus muntjak",0.210193361042709,"Trending I",21,0.31702086204222,"Type I",6,0.455,"Type I",4,0.371562889815146,"Type I",10,0.476190476190476,0.285714285714286
"Muntiacus reevesi",0.119355051617228,"Trending I",27,NA,NA,0,NA,NA,1,NA,NA,1,0.037037037037037,0
"Mus musculus",-0.15758049872773,"Trending III",59,-0.310858309334213,"Type III",27,-0.285173298854134,"Trending III",11,-0.302591948014042,"Type III",38,0.644067796610169,0.457627118644068
"Mustela nigripes",0.24148945427413,"Trending I",139,0.23499892323871,"Trending I",28,0.18951326691116,"Trending I",23,0.214698964252182,"Trending I",51,0.366906474820144,0.201438848920863
"Mustela putorius",0.213728096421316,"Trending I",749,0.161120788098772,"Trending I",421,0.126533363933869,"Trending I",105,0.161760700673809,"Trending I",526,0.702269692923899,0.562082777036048
"Myrmecophaga tridactyla",0.105424501324617,"Trending I",23,NA,NA,1,NA,NA,1,0.175,"Trending I",2,0.0869565217391304,0.0434782608695652
"Nanger dama",0.252673159244455,"Trending I",75,0.135900494923623,"Trending I",5,0.23550151288176,"Trending I",9,0.24237536251983,"Trending I",14,0.186666666666667,0.0666666666666667
"Nanger granti",0.157007402822106,"Trending I",28,0.215,"Trending I",4,-0.0449999999999999,"Type II",2,0.119041735928579,"Trending I",6,0.214285714285714,0.142857142857143
"Nasua narica",0.0197338310173252,"Type II",21,-0.0722412573550111,"Type II",9,-0.0634700455402559,"Type II",6,-0.0404793466537561,"Type II",15,0.714285714285714,0.428571428571429
"Neofelis nebulosa",0.287422280006614,"Trending I",46,0.317092518922901,"Type I",26,0.204175375927645,"Trending I",13,0.303091424560142,"Type I",39,0.847826086956522,0.565217391304348
"Neophema splendida",-0.166879478048218,"Trending III",32,-0.18,"Trending III",2,-0.425,"Type III",2,-0.261666666666667,"Trending III",4,0.125,0.0625
"Numida meleagris",NA,NA,53,NA,NA,7,NA,NA,7,NA,NA,14,0.264150943396226,0.132075471698113
"Nycticebus pygmaeus",0.300365727928961,"Type I",21,0.201832459166352,"Trending I",7,0.34,"Type I",4,0.287088907664733,"Trending I",11,0.523809523809524,0.333333333333333
"Nymphicus hollandicus",-0.00975055849279904,"Type II",184,-0.0919513246215315,"Type II",26,-0.136020854037286,"Trending III",9,-0.0453391596650523,"Type II",35,0.190217391304348,0.141304347826087
"Octodon degus",-0.0917072936994442,"Type II",30,-0.0375,"Type II",8,-0.209288979135757,"Trending III",6,-0.0634623677595644,"Type II",14,0.466666666666667,0.266666666666667
"Odocoileus virginianus",0.0970381636924997,"Type II",35,0.121666666666667,"Trending I",4,0.0611522522219615,"Type II",6,0.117326270314781,"Trending I",10,0.285714285714286,0.114285714285714
"Ophiophagus hannah",0.206294402238621,"Trending I",23,0.215374784655037,"Trending I",12,-0.1,"Type II",3,0.188427018899213,"Trending I",15,0.652173913043478,0.521739130434783
"Oreamnos americanus",0.0405767821156546,"Type II",28,NA,NA,7,0.182874614731199,"Trending I",4,0.146200659898165,"Trending I",11,0.392857142857143,0.25
"Oryctolagus cuniculus",0.0357984007572448,"Type II",402,0.0580456000783933,"Type II",79,0.00899833139829231,"Type II",54,0.0553645497379896,"Type II",133,0.330845771144279,0.196517412935323
"Oryx dammah",0.173189532898738,"Trending I",52,0.147819492360957,"Trending I",7,0.171487664614635,"Trending I",6,0.176213447031987,"Trending I",13,0.25,0.134615384615385
"Oryx leucoryx",0.285326147619626,"Trending I",34,0.391185950714291,"Type I",3,NA,NA,0,0.391185950714291,"Type I",3,0.0882352941176471,0.0882352941176471
"Osteoglossum bicirrhosum",-0.142340086602564,"Trending III",24,0.265,"Trending I",2,-0.375,"Type III",4,-0.0549999999999999,"Type II",6,0.25,0.0833333333333333
"Ovis aries",0.186248246251507,"Trending I",146,0.146352065639768,"Trending I",41,0.218591697488191,"Trending I",30,0.208386693972572,"Trending I",71,0.486301369863014,0.280821917808219
"Ovis canadensis",0.125737226060959,"Trending I",39,NA,NA,0,0.225,"Trending I",2,0.225,"Trending I",2,0.0512820512820513,0
"Ovis dalli",0.213327501743977,"Trending I",23,0.143281450076366,"Trending I",11,0.217832083357372,"Trending I",4,0.197927334696633,"Trending I",15,0.652173913043478,0.478260869565217
"Oxyura jamaicensis",0.236660768835865,"Trending I",32,0.31,"Type I",2,NA,NA,5,0.227402549281215,"Trending I",7,0.21875,0.0625
"Pan troglodytes",0.271581886899198,"Trending I",86,0.266819541611378,"Trending I",12,0.29628419548333,"Trending I",26,0.299499046988652,"Trending I",38,0.441860465116279,0.13953488372093
"Panthera leo",0.278841311758589,"Trending I",124,0.26645051312505,"Trending I",69,0.281355474944831,"Trending I",26,0.287682190113179,"Trending I",95,0.766129032258065,0.556451612903226
"Panthera onca",0.279791777051463,"Trending I",57,0.224602416287928,"Trending I",39,0.286568568927584,"Trending I",10,0.290527853958791,"Trending I",49,0.859649122807018,0.684210526315789
"Panthera uncia",0.373754852366271,"Type I",90,0.327231294532642,"Type I",42,0.37396229627787,"Type I",24,0.378553043789161,"Type I",66,0.733333333333333,0.466666666666667
"Pantherophis guttatus",0.0715774562916716,"Type II",92,0.0835590300739824,"Type II",25,0.072336129966001,"Type II",12,0.074905786174742,"Type II",37,0.402173913043478,0.271739130434783
"Papio papio",0.102031006542744,"Trending I",24,0.244792403682568,"Trending I",5,-0.061350874983173,"Type II",8,0.0826307281866802,"Type II",13,0.541666666666667,0.208333333333333
"Paroaria coronata",NA,NA,29,NA,NA,0,NA,NA,1,NA,NA,1,0.0344827586206897,0
"Pelecanus occidentalis",-0.140918113316606,"Trending III",23,-0.225,"Trending III",2,-0.245,"Trending III",2,-0.236732197895543,"Trending III",4,0.173913043478261,0.0869565217391304
"Petaurus breviceps",0.0285496715703721,"Type II",72,0.094762678323091,"Type II",26,-0.027916922006344,"Type II",11,0.0681579061931895,"Type II",37,0.513888888888889,0.361111111111111
"Petrogale xanthopus",0.0742349014622136,"Type II",32,-0.185,"Trending III",2,-0.0414326443571377,"Type II",3,-0.0870000337122097,"Type II",5,0.15625,0.0625
"Phacochoerus africanus",0.21023804369618,"Trending I",64,0.229796049047706,"Trending I",26,0.198531518984031,"Trending I",17,0.244085528840441,"Trending I",43,0.671875,0.40625
"Phascolarctos cinereus",0.208694217100735,"Trending I",26,-0.148300749985577,"Trending III",8,-0.0714326443571377,"Type II",3,-0.0782307014404062,"Type II",11,0.423076923076923,0.307692307692308
"Phoca vitulina",0.0499336856870947,"Type II",65,0.190513766165537,"Trending I",9,-0.2,"Trending III",2,0.159860478129571,"Trending I",11,0.169230769230769,0.138461538461538
"Phoenicopterus chilensis",0.34790781629615,"Type I",89,0.234530040782249,"Trending I",8,0.265948224578763,"Trending I",3,0.270211340635133,"Trending I",11,0.123595505617978,0.0898876404494382
"Phoenicopterus ruber",0.302666911545818,"Type I",102,0.215900123573737,"Trending I",18,0.195506100123689,"Trending I",3,0.227163114166483,"Trending I",21,0.205882352941176,0.176470588235294
"Phrynosoma asio",NA,NA,38,NA,NA,2,NA,NA,1,NA,NA,3,0.0789473684210526,0.0526315789473684
"Phyllomedusa bicolor",0.150946966671159,"Trending I",31,NA,NA,0,-0.11931065252742,"Trending III",3,-0.11931065252742,"Trending III",3,0.0967741935483871,0
"Pionites melanocephalus",0.104294565803274,"Trending I",25,NA,NA,1,-0.125,"Trending III",2,-4.36419229851159e-05,"Type II",3,0.12,0.04
"Pipa pipa",0.196915666803291,"Trending I",41,NA,NA,0,0.275,"Trending I",2,0.275,"Trending I",2,0.0487804878048781,0
"Pitta sordida",NA,NA,24,NA,NA,1,NA,NA,0,NA,NA,1,0.0416666666666667,0.0416666666666667
"Pituophis catenifer",0.0714249345322987,"Type II",47,0.0404215408581955,"Type II",19,0.0104856381018341,"Type II",5,0.0581197672828033,"Type II",24,0.51063829787234,0.404255319148936
"Platalea ajaja",0.280823187525268,"Trending I",37,0.215,"Trending I",2,0.310656311396939,"Type I",13,0.312887504832119,"Type I",15,0.405405405405405,0.0540540540540541
"Ploceus castaneiceps",NA,NA,23,NA,NA,3,NA,NA,0,NA,NA,3,0.130434782608696,0.130434782608696
"Ploceus melanocephalus",NA,NA,21,NA,NA,0,NA,NA,0,NA,NA,0,0,0
"Ploceus velatus",NA,NA,44,NA,NA,1,NA,NA,1,NA,NA,2,0.0454545454545455,0.0227272727272727
"Podargus strigoides",NA,NA,26,NA,NA,2,NA,NA,0,NA,NA,2,0.0769230769230769,0.0769230769230769
"Poicephalus senegalus",-0.0245855527312165,"Type II",22,-0.0955177542123667,"Type II",3,NA,NA,1,-0.122734333314103,"Trending III",4,0.181818181818182,0.136363636363636
"Polihierax semitorquatus",0.135825600296115,"Trending I",21,NA,NA,1,-0.0562643632101548,"Type II",7,-0.0439703650371336,"Type II",8,0.380952380952381,0.0476190476190476
"Pongo abelii",0.25267467712977,"Trending I",30,0.19522768664287,"Trending I",3,0.257312798650842,"Trending I",7,0.296408419513643,"Trending I",10,0.333333333333333,0.1
"Procavia capensis",0.147345423799723,"Trending I",57,0.270902495417913,"Trending I",9,-0.067701749966346,"Type II",4,0.221188409109666,"Trending I",13,0.228070175438596,0.157894736842105
"Procyon lotor",0.050711142797102,"Type II",53,0.174334788160642,"Trending I",10,0.095,"Type II",4,0.1764238861935,"Trending I",14,0.264150943396226,0.188679245283019
"Psittacus erithacus",0.0179149424179776,"Type II",162,-0.0727845481440785,"Type II",6,-0.0262469429902397,"Type II",25,-0.0106608768845629,"Type II",31,0.191358024691358,0.037037037037037
"Psophia crepitans",NA,NA,23,NA,NA,0,NA,NA,0,NA,NA,0,0,0
"Pteroglossus aracari",NA,NA,24,NA,NA,1,NA,NA,0,NA,NA,1,0.0416666666666667,0.0416666666666667
"Pteropus rodricensis",0.177718967899279,"Trending I",42,NA,NA,0,0.245,"Trending I",2,0.245,"Trending I",2,0.0476190476190476,0
"Ptilinopus jambu",NA,NA,29,NA,NA,0,NA,NA,1,NA,NA,1,0.0344827586206897,0
"Ptilinopus melanospilus",NA,NA,21,NA,NA,0,NA,NA,1,NA,NA,1,0.0476190476190476,0
"Ptilinopus pulchellus",NA,NA,23,NA,NA,1,NA,NA,0,NA,NA,1,0.0434782608695652,0.0434782608695652
"Puma concolor",0.170058848664905,"Trending I",111,0.234134963363144,"Trending I",41,0.205387369019417,"Trending I",15,0.228742805723651,"Trending I",56,0.504504504504504,0.369369369369369
"Pusa hispida",-0.24263782313914,"Trending III",41,-0.281350874983173,"Trending III",4,-0.27,"Trending III",2,-0.25134826263402,"Trending III",6,0.146341463414634,0.0975609756097561
"Pyrrhura molinae",NA,NA,42,NA,NA,1,NA,NA,1,NA,NA,2,0.0476190476190476,0.0238095238095238
"Python bivittatus",0.204935105412937,"Trending I",43,0.150744989619392,"Trending I",8,0.025,"Type II",2,0.146300300449859,"Trending I",10,0.232558139534884,0.186046511627907
"Python regius",-0.12041132876552,"Trending III",81,0.0546158568146055,"Type II",7,NA,NA,2,0.0249287245542033,"Type II",9,0.111111111111111,0.0864197530864197
"Ramphocelus carbo",NA,NA,28,NA,NA,0,NA,NA,0,NA,NA,0,0,0
"Rangifer tarandus",0.0996449577763617,"Type II",21,0.185,"Trending I",2,-0.112729312417067,"Trending III",4,0.0195485037197924,"Type II",6,0.285714285714286,0.0952380952380952
"Rattus norvegicus",0.211555968014517,"Trending I",284,0.105445596171373,"Trending I",76,0.204524337157036,"Trending I",70,0.230772237958257,"Trending I",146,0.514084507042254,0.267605633802817
"Rhea americana",-0.133748928700681,"Trending III",32,-0.197200499990385,"Trending III",4,-0.101284139791576,"Trending III",5,-0.102137071925958,"Trending III",9,0.28125,0.125
"Rhinella marina",0.0187383825342171,"Type II",24,-0.175,"Trending III",4,-0.195,"Trending III",2,-0.179070223931843,"Trending III",6,0.25,0.166666666666667
"Rhinoceros unicornis",0.16869592587368,"Trending I",43,0.229078200034615,"Trending I",30,-0.331577701777768,"Type III",8,0.185958329063768,"Trending I",38,0.883720930232558,0.697674418604651
"Rhynchopsitta pachyrhyncha",0.185514525297065,"Trending I",25,NA,NA,1,NA,NA,0,NA,NA,1,0.04,0.04
"Rollulus rouloul",NA,NA,70,NA,NA,1,NA,NA,1,NA,NA,2,0.0285714285714286,0.0142857142857143
"Rousettus aegyptiacus",0.131010945185607,"Trending I",62,-0.000593473298467151,"Type II",15,0.231520161032267,"Trending I",5,0.149645770572652,"Trending I",20,0.32258064516129,0.241935483870968
"Rousettus lanosus",0.0625382479527726,"Type II",26,NA,NA,1,0.085,"Type II",4,0.085,"Type II",5,0.192307692307692,0.0384615384615385
"Saguinus imperator",0.193208874888784,"Trending I",51,-0.0357405604669574,"Type II",7,0.09,"Type II",5,0.0499468704943772,"Type II",12,0.235294117647059,0.137254901960784
"Saguinus oedipus",0.164344695323559,"Trending I",94,0.0430816184432662,"Type II",20,0.15706425905984,"Trending I",13,0.121884928748425,"Trending I",33,0.351063829787234,0.212765957446809
"Saimiri sciureus",0.254098889062124,"Trending I",101,0.285892829297394,"Trending I",7,0.2754195793563,"Trending I",23,0.294369556533385,"Trending I",30,0.297029702970297,0.0693069306930693
"Sanzinia madagascariensis",0.266882429565591,"Trending I",38,0.284797470784707,"Trending I",11,NA,NA,1,0.299398666418936,"Trending I",12,0.315789473684211,0.289473684210526
"Sauromalus ater",0.361398735693478,"Type I",29,NA,NA,11,NA,NA,3,NA,NA,14,0.482758620689655,0.379310344827586
"Sceloporus cyanogenys",0.166820893406354,"Trending I",26,NA,NA,1,0.229021386300101,"Trending I",5,0.229021386300101,"Trending I",6,0.230769230769231,0.0384615384615385
"Shinisaurus crocodilurus",NA,NA,24,NA,NA,2,NA,NA,1,NA,NA,3,0.125,0.0833333333333333
"Sicalis flaveola",NA,NA,36,NA,NA,0,NA,NA,2,NA,NA,2,0.0555555555555556,0
"Sistrurus catenatus",0.212203594357522,"Trending I",21,0.14600815121026,"Trending I",8,NA,NA,0,0.14600815121026,"Trending I",8,0.380952380952381,0.380952380952381
"Sistrurus miliarius",0.166822312693364,"Trending I",26,0.236088847054184,"Trending I",6,NA,NA,1,0.239312074346949,"Trending I",7,0.269230769230769,0.230769230769231
"Spheniscus humboldti",0.296681953153145,"Trending I",65,0.267382983118742,"Trending I",17,0.18708318603994,"Trending I",5,0.291111097214164,"Trending I",22,0.338461538461538,0.261538461538462
"Spheniscus magellanicus",0.178252908412621,"Trending I",33,NA,NA,1,NA,NA,0,NA,NA,1,0.0303030303030303,0.0303030303030303
"Spilotes pullatus",0.272826123529923,"Trending I",22,0.387198950999622,"Type I",7,0.355,"Type I",2,0.38784467373629,"Type I",9,0.409090909090909,0.318181818181818
"Stellagama stellio",NA,NA,23,NA,NA,8,NA,NA,0,NA,NA,8,0.347826086956522,0.347826086956522
"Suricata suricatta",0.127111671879452,"Trending I",152,0.129054132815005,"Trending I",29,0.120570258884663,"Trending I",25,0.14770651101361,"Trending I",54,0.355263157894737,0.190789473684211
"Sus scrofa",0.0576013079243284,"Type II",49,0.0890769077178912,"Type II",28,-0.0893792812891978,"Type II",7,0.0773101036220359,"Type II",35,0.714285714285714,0.571428571428571
"Sylvilagus transitionalis",-0.201609045711226,"Trending III",34,NA,NA,1,-0.217230137288527,"Trending III",7,-0.219785498097099,"Trending III",8,0.235294117647059,0.0294117647058824
"Taeniopygia bichenovii",NA,NA,43,NA,NA,3,NA,NA,1,NA,NA,4,0.0930232558139535,0.0697674418604651
"Taeniopygia guttata",0.00992209486572321,"Type II",25,NA,NA,1,NA,NA,1,0.165,"Trending I",2,0.08,0.04
"Taurotragus derbianus",0.0573734042851234,"Type II",27,NA,NA,1,NA,NA,1,0.105,"Trending I",2,0.0740740740740741,0.037037037037037
"Taurotragus oryx",0.0492532106959726,"Type II",26,NA,NA,1,0.00888882816601982,"Type II",8,0.0033945035189511,"Type II",9,0.346153846153846,0.0384615384615385
"Thraupis episcopus",-0.0157749400216041,"Type II",27,NA,NA,0,NA,NA,2,NA,NA,2,0.0740740740740741,0
"Tiliqua scincoides",0.223495093092277,"Trending I",36,0.14669188312673,"Trending I",10,0.299665493136525,"Trending I",6,0.254382916402009,"Trending I",16,0.444444444444444,0.277777777777778
"Trachypithecus delacouri",0.290665335910965,"Trending I",26,0.219334640193906,"Trending I",11,0.308974440788485,"Type I",8,0.280078259961444,"Trending I",19,0.730769230769231,0.423076923076923
"Tragelaphus eurycerus",0.270297386299275,"Trending I",44,0.173167526511087,"Trending I",9,0.31974213092419,"Type I",15,0.307130549328722,"Type I",24,0.545454545454545,0.204545454545455
"Tragelaphus imberbis",0.0484565277492205,"Type II",24,NA,NA,0,NA,NA,0,NA,NA,0,0,0
"Tragelaphus strepsiceros",0.109122829664605,"Trending I",79,NA,NA,1,0.154374023480838,"Trending I",13,0.156741179024216,"Trending I",14,0.177215189873418,0.0126582278481013
"Trichoglossus haematodus",0.138094768675119,"Trending I",125,-0.277144214785713,"Trending III",3,-0.0587414500280559,"Type II",19,-0.0658802846029598,"Type II",22,0.176,0.024
"Trichoglossus moluccanus",0.07040191110886,"Type II",100,NA,NA,2,-0.158454472894833,"Trending III",8,-0.158454472894833,"Trending III",10,0.1,0.02
"Trimeresurus flavomaculatus",NA,NA,22,NA,NA,2,NA,NA,0,NA,NA,2,0.0909090909090909,0.0909090909090909
"Tympanuchus cupido",0.0685595565264066,"Type II",38,0.148306297293651,"Trending I",8,NA,NA,1,0.131056509071253,"Trending I",9,0.236842105263158,0.210526315789474
"Uromastyx aegyptia",0.196297037032154,"Trending I",27,0.239579398767582,"Trending I",10,NA,NA,1,0.233403486524841,"Trending I",11,0.407407407407407,0.37037037037037
"Uroplatus sikorae",0.204117699341508,"Trending I",28,NA,NA,0,NA,NA,0,NA,NA,0,0,0
"Ursus maritimus",0.164751883465992,"Trending I",38,0.114223660228305,"Trending I",14,0.177871387224956,"Trending I",9,0.175495212685372,"Trending I",23,0.605263157894737,0.368421052631579
"Ursus thibetanus",0.335579851889054,"Type I",23,0.224058664319598,"Trending I",11,0.0783192986558341,"Type II",5,0.200617995463338,"Trending I",16,0.695652173913043,0.478260869565217
"Varanus beccarii",0.22091979871769,"Trending I",26,0.255631583366987,"Trending I",7,0.237368437626202,"Trending I",5,0.298967953559877,"Trending I",12,0.461538461538462,0.269230769230769
"Varanus exanthematicus",0.164728864397368,"Trending I",27,-0.0645880017344075,"Type II",5,NA,NA,0,-0.0645880017344075,"Type II",5,0.185185185185185,0.185185185185185
"Varanus prasinus",0.236795121298736,"Trending I",23,0.351055842170362,"Type I",3,0.215631583366987,"Trending I",4,0.309564243207934,"Type I",7,0.304347826086957,0.130434782608696
"Varecia rubra",0.112567130281011,"Trending I",39,0.295,"Trending I",4,0.111998073722213,"Trending I",10,0.175138069053095,"Trending I",14,0.358974358974359,0.102564102564103
"Varecia variegata",0.206641155654927,"Trending I",90,0.225306628630508,"Trending I",26,0.202130033147235,"Trending I",22,0.248219297464123,"Trending I",48,0.533333333333333,0.288888888888889
"Vicugna pacos",0.0449558762562373,"Type II",73,-0.176669321871331,"Trending III",23,0.0546045582750006,"Type II",50,0.0449558762562373,"Type II",73,1,0.315068493150685
"Vulpes lagopus",0.168522658585612,"Trending I",40,0.144388860028774,"Trending I",26,0.109393016330345,"Trending I",6,0.173284529433787,"Trending I",32,0.8,0.65
"Vulpes vulpes",0.10853095306485,"Trending I",25,0.0724956830355921,"Type II",6,0.0592206476617281,"Type II",8,0.0871888735953171,"Type II",14,0.56,0.24
"Vulpes zerda",0.23100357938512,"Trending I",45,0.155894399195573,"Trending I",32,NA,NA,1,0.154983206273533,"Trending I",33,0.733333333333333,0.711111111111111
"Wallabia bicolor",0.042964343479499,"Type II",36,-0.375,"Type III",2,-0.255,"Trending III",4,-0.274580539565593,"Trending III",6,0.166666666666667,0.0555555555555556
"Zalophus californianus",0.289434849445115,"Trending I",99,0.31574368064868,"Type I",44,0.228235546390643,"Trending I",14,0.31390583595491,"Type I",58,0.585858585858586,0.444444444444444
